class id,filepath,label
0,train\AFRICAN LEOPARD\african_leopard_1.jpg,African Leopard
0,train\AFRICAN LEOPARD\african_leopard_10.jpg,African Leopard
0,train\AFRICAN LEOPARD\african_leopard_100.jpg,African Leopard
0,train\AFRICAN LEOPARD\african_leopard_101.jpg,African Leopard
0,train\AFRICAN LEOPARD\african_leopard_102.jpg,African Leopard
0,train\AFRICAN LEOPARD\african_leopard_103.jpg,African Leopard
0,train\AFRICAN LEOPARD\african_leopard_104.jpg,African Leopard
0,train\AFRICAN LEOPARD\african_leopard_105.jpg,African Leopard
0,train\AFRICAN LEOPARD\african_leopard_106.jpg,African Leopard
0,train\AFRICAN LEOPARD\african_leopard_107.jpg,African Leopard
0,train\AFRICAN LEOPARD\african_leopard_108.jpg,African Leopard
0,train\AFRICAN LEOPARD\african_leopard_109.jpg,African Leopard
0,train\AFRICAN LEOPARD\african_leopard_11.jpg,African Leopard
0,train\AFRICAN LEOPARD\african_leopard_110.jpg,African Leopard
0,train\AFRICAN LEOPARD\african_leopard_111.jpg,African Leopard
0,train\AFRICAN LEOPARD\african_leopard_112.jpg,African Leopard
0,train\AFRICAN LEOPARD\african_leopard_113.jpg,African Leopard
0,train\AFRICAN LEOPARD\african_leopard_114.jpg,African Leopard
0,train\AFRICAN LEOPARD\african_leopard_115.jpg,African Leopard
0,train\AFRICAN LEOPARD\african_leopard_116.jpg,African Leopard
0,train\AFRICAN LEOPARD\african_leopard_117.jpg,African Leopard
0,train\AFRICAN LEOPARD\african_leopard_118.jpg,African Leopard
0,train\AFRICAN LEOPARD\african_leopard_119.jpg,African Leopard
0,train\AFRICAN LEOPARD\african_leopard_12.jpg,African Leopard
0,train\AFRICAN LEOPARD\african_leopard_120.jpg,African Leopard
0,train\AFRICAN LEOPARD\african_leopard_121.jpg,African Leopard
0,train\AFRICAN LEOPARD\african_leopard_122.jpg,African Leopard
0,train\AFRICAN LEOPARD\african_leopard_123.jpg,African Leopard
0,train\AFRICAN LEOPARD\african_leopard_124.jpg,African Leopard
0,train\AFRICAN LEOPARD\african_leopard_125.jpg,African Leopard
0,train\AFRICAN LEOPARD\african_leopard_126.jpg,African Leopard
0,train\AFRICAN LEOPARD\african_leopard_127.jpg,African Leopard
0,train\AFRICAN LEOPARD\african_leopard_128.jpg,African Leopard
0,train\AFRICAN LEOPARD\african_leopard_129.jpg,African Leopard
0,train\AFRICAN LEOPARD\african_leopard_13.jpg,African Leopard
0,train\AFRICAN LEOPARD\african_leopard_130.jpg,African Leopard
0,train\AFRICAN LEOPARD\african_leopard_131.jpg,African Leopard
0,train\AFRICAN LEOPARD\african_leopard_132.jpg,African Leopard
0,train\AFRICAN LEOPARD\african_leopard_133.jpg,African Leopard
0,train\AFRICAN LEOPARD\african_leopard_134.jpg,African Leopard
0,train\AFRICAN LEOPARD\african_leopard_135.jpg,African Leopard
0,train\AFRICAN LEOPARD\african_leopard_136.jpg,African Leopard
0,train\AFRICAN LEOPARD\african_leopard_137.jpg,African Leopard
0,train\AFRICAN LEOPARD\african_leopard_138.jpg,African Leopard
0,train\AFRICAN LEOPARD\african_leopard_139.jpg,African Leopard
0,train\AFRICAN LEOPARD\african_leopard_14.jpg,African Leopard
0,train\AFRICAN LEOPARD\african_leopard_140.jpg,African Leopard
0,train\AFRICAN LEOPARD\african_leopard_141.jpg,African Leopard
0,train\AFRICAN LEOPARD\african_leopard_142.jpg,African Leopard
0,train\AFRICAN LEOPARD\african_leopard_143.jpg,African Leopard
0,train\AFRICAN LEOPARD\african_leopard_144.jpg,African Leopard
0,train\AFRICAN LEOPARD\african_leopard_145.jpg,African Leopard
0,train\AFRICAN LEOPARD\african_leopard_146.jpg,African Leopard
0,train\AFRICAN LEOPARD\african_leopard_147.jpg,African Leopard
0,train\AFRICAN LEOPARD\african_leopard_148.jpg,African Leopard
0,train\AFRICAN LEOPARD\african_leopard_149.jpg,African Leopard
0,train\AFRICAN LEOPARD\african_leopard_15.jpg,African Leopard
0,train\AFRICAN LEOPARD\african_leopard_150.jpg,African Leopard
0,train\AFRICAN LEOPARD\african_leopard_151.jpg,African Leopard
0,train\AFRICAN LEOPARD\african_leopard_152.jpg,African Leopard
0,train\AFRICAN LEOPARD\african_leopard_153.jpg,African Leopard
0,train\AFRICAN LEOPARD\african_leopard_154.jpg,African Leopard
0,train\AFRICAN LEOPARD\african_leopard_155.jpg,African Leopard
0,train\AFRICAN LEOPARD\african_leopard_156.jpg,African Leopard
0,train\AFRICAN LEOPARD\african_leopard_157.jpg,African Leopard
0,train\AFRICAN LEOPARD\african_leopard_158.jpg,African Leopard
0,train\AFRICAN LEOPARD\african_leopard_159.jpg,African Leopard
0,train\AFRICAN LEOPARD\african_leopard_16.jpg,African Leopard
0,train\AFRICAN LEOPARD\african_leopard_160.jpg,African Leopard
0,train\AFRICAN LEOPARD\african_leopard_161.jpg,African Leopard
0,train\AFRICAN LEOPARD\african_leopard_162.jpg,African Leopard
0,train\AFRICAN LEOPARD\african_leopard_163.jpg,African Leopard
0,train\AFRICAN LEOPARD\african_leopard_164.jpg,African Leopard
0,train\AFRICAN LEOPARD\african_leopard_165.jpg,African Leopard
0,train\AFRICAN LEOPARD\african_leopard_17.jpg,African Leopard
0,train\AFRICAN LEOPARD\african_leopard_18.jpg,African Leopard
0,train\AFRICAN LEOPARD\african_leopard_19.jpg,African Leopard
0,train\AFRICAN LEOPARD\african_leopard_2.jpg,African Leopard
0,train\AFRICAN LEOPARD\african_leopard_20.jpg,African Leopard
0,train\AFRICAN LEOPARD\african_leopard_21.jpg,African Leopard
0,train\AFRICAN LEOPARD\african_leopard_22.jpg,African Leopard
0,train\AFRICAN LEOPARD\african_leopard_23.jpg,African Leopard
0,train\AFRICAN LEOPARD\african_leopard_24.jpg,African Leopard
0,train\AFRICAN LEOPARD\african_leopard_25.jpg,African Leopard
0,train\AFRICAN LEOPARD\african_leopard_26.jpg,African Leopard
0,train\AFRICAN LEOPARD\african_leopard_27.jpg,African Leopard
0,train\AFRICAN LEOPARD\african_leopard_28.jpg,African Leopard
0,train\AFRICAN LEOPARD\african_leopard_29.jpg,African Leopard
0,train\AFRICAN LEOPARD\african_leopard_3.jpg,African Leopard
0,train\AFRICAN LEOPARD\african_leopard_30.jpg,African Leopard
0,train\AFRICAN LEOPARD\african_leopard_31.jpg,African Leopard
0,train\AFRICAN LEOPARD\african_leopard_32.jpg,African Leopard
0,train\AFRICAN LEOPARD\african_leopard_33.jpg,African Leopard
0,train\AFRICAN LEOPARD\african_leopard_34.jpg,African Leopard
0,train\AFRICAN LEOPARD\african_leopard_35.jpg,African Leopard
0,train\AFRICAN LEOPARD\african_leopard_36.jpg,African Leopard
0,train\AFRICAN LEOPARD\african_leopard_37.jpg,African Leopard
0,train\AFRICAN LEOPARD\african_leopard_38.jpg,African Leopard
0,train\AFRICAN LEOPARD\african_leopard_39.jpg,African Leopard
0,train\AFRICAN LEOPARD\african_leopard_4.jpg,African Leopard
0,train\AFRICAN LEOPARD\african_leopard_40.jpg,African Leopard
0,train\AFRICAN LEOPARD\african_leopard_41.jpg,African Leopard
0,train\AFRICAN LEOPARD\african_leopard_42.jpg,African Leopard
0,train\AFRICAN LEOPARD\african_leopard_43.jpg,African Leopard
0,train\AFRICAN LEOPARD\african_leopard_44.jpg,African Leopard
0,train\AFRICAN LEOPARD\african_leopard_45.jpg,African Leopard
0,train\AFRICAN LEOPARD\african_leopard_46.jpg,African Leopard
0,train\AFRICAN LEOPARD\african_leopard_47.jpg,African Leopard
0,train\AFRICAN LEOPARD\african_leopard_48.jpg,African Leopard
0,train\AFRICAN LEOPARD\african_leopard_49.jpg,African Leopard
0,train\AFRICAN LEOPARD\african_leopard_5.jpg,African Leopard
0,train\AFRICAN LEOPARD\african_leopard_50.jpg,African Leopard
0,train\AFRICAN LEOPARD\african_leopard_51.jpg,African Leopard
0,train\AFRICAN LEOPARD\african_leopard_52.jpg,African Leopard
0,train\AFRICAN LEOPARD\african_leopard_53.jpg,African Leopard
0,train\AFRICAN LEOPARD\african_leopard_54.jpg,African Leopard
0,train\AFRICAN LEOPARD\african_leopard_55.jpg,African Leopard
0,train\AFRICAN LEOPARD\african_leopard_56.jpg,African Leopard
0,train\AFRICAN LEOPARD\african_leopard_57.jpg,African Leopard
0,train\AFRICAN LEOPARD\african_leopard_58.jpg,African Leopard
0,train\AFRICAN LEOPARD\african_leopard_59.jpg,African Leopard
0,train\AFRICAN LEOPARD\african_leopard_6.jpg,African Leopard
0,train\AFRICAN LEOPARD\african_leopard_60.jpg,African Leopard
0,train\AFRICAN LEOPARD\african_leopard_61.jpg,African Leopard
0,train\AFRICAN LEOPARD\african_leopard_62.jpg,African Leopard
0,train\AFRICAN LEOPARD\african_leopard_63.jpg,African Leopard
0,train\AFRICAN LEOPARD\african_leopard_64.jpg,African Leopard
0,train\AFRICAN LEOPARD\african_leopard_65.jpg,African Leopard
0,train\AFRICAN LEOPARD\african_leopard_66.jpg,African Leopard
0,train\AFRICAN LEOPARD\african_leopard_67.jpg,African Leopard
0,train\AFRICAN LEOPARD\african_leopard_68.jpg,African Leopard
0,train\AFRICAN LEOPARD\african_leopard_69.jpg,African Leopard
0,train\AFRICAN LEOPARD\african_leopard_7.jpg,African Leopard
0,train\AFRICAN LEOPARD\african_leopard_70.jpg,African Leopard
0,train\AFRICAN LEOPARD\african_leopard_71.jpg,African Leopard
0,train\AFRICAN LEOPARD\african_leopard_72.jpg,African Leopard
0,train\AFRICAN LEOPARD\african_leopard_73.jpg,African Leopard
0,train\AFRICAN LEOPARD\african_leopard_74.jpg,African Leopard
0,train\AFRICAN LEOPARD\african_leopard_75.jpg,African Leopard
0,train\AFRICAN LEOPARD\african_leopard_76.jpg,African Leopard
0,train\AFRICAN LEOPARD\african_leopard_77.jpg,African Leopard
0,train\AFRICAN LEOPARD\african_leopard_78.jpg,African Leopard
0,train\AFRICAN LEOPARD\african_leopard_79.jpg,African Leopard
0,train\AFRICAN LEOPARD\african_leopard_8.jpg,African Leopard
0,train\AFRICAN LEOPARD\african_leopard_80.jpg,African Leopard
0,train\AFRICAN LEOPARD\african_leopard_81.jpg,African Leopard
0,train\AFRICAN LEOPARD\african_leopard_82.jpg,African Leopard
0,train\AFRICAN LEOPARD\african_leopard_83.jpg,African Leopard
0,train\AFRICAN LEOPARD\african_leopard_84.jpg,African Leopard
0,train\AFRICAN LEOPARD\african_leopard_85.jpg,African Leopard
0,train\AFRICAN LEOPARD\african_leopard_86.jpg,African Leopard
0,train\AFRICAN LEOPARD\african_leopard_87.jpg,African Leopard
0,train\AFRICAN LEOPARD\african_leopard_88.jpg,African Leopard
0,train\AFRICAN LEOPARD\african_leopard_89.jpg,African Leopard
0,train\AFRICAN LEOPARD\african_leopard_9.jpg,African Leopard
0,train\AFRICAN LEOPARD\african_leopard_90.jpg,African Leopard
0,train\AFRICAN LEOPARD\african_leopard_91.jpg,African Leopard
0,train\AFRICAN LEOPARD\african_leopard_92.jpg,African Leopard
0,train\AFRICAN LEOPARD\african_leopard_93.jpg,African Leopard
0,train\AFRICAN LEOPARD\african_leopard_94.jpg,African Leopard
0,train\AFRICAN LEOPARD\african_leopard_95.jpg,African Leopard
0,train\AFRICAN LEOPARD\african_leopard_96.jpg,African Leopard
0,train\AFRICAN LEOPARD\african_leopard_97.jpg,African Leopard
0,train\AFRICAN LEOPARD\african_leopard_98.jpg,African Leopard
0,train\AFRICAN LEOPARD\african_leopard_99.jpg,African Leopard
1,train\CARACAL\caracal_1.jpg,Caracal
1,train\CARACAL\caracal_10.jpg,Caracal
1,train\CARACAL\caracal_100.jpg,Caracal
1,train\CARACAL\caracal_101.jpg,Caracal
1,train\CARACAL\caracal_102.jpg,Caracal
1,train\CARACAL\caracal_103.jpg,Caracal
1,train\CARACAL\caracal_104.jpg,Caracal
1,train\CARACAL\caracal_105.jpg,Caracal
1,train\CARACAL\caracal_106.jpg,Caracal
1,train\CARACAL\caracal_107.jpg,Caracal
1,train\CARACAL\caracal_108.jpg,Caracal
1,train\CARACAL\caracal_109.jpg,Caracal
1,train\CARACAL\caracal_11.jpg,Caracal
1,train\CARACAL\caracal_110.jpg,Caracal
1,train\CARACAL\caracal_111.jpg,Caracal
1,train\CARACAL\caracal_112.jpg,Caracal
1,train\CARACAL\caracal_113.jpg,Caracal
1,train\CARACAL\caracal_114.jpg,Caracal
1,train\CARACAL\caracal_115.jpg,Caracal
1,train\CARACAL\caracal_116.jpg,Caracal
1,train\CARACAL\caracal_117.jpg,Caracal
1,train\CARACAL\caracal_118.jpg,Caracal
1,train\CARACAL\caracal_119.jpg,Caracal
1,train\CARACAL\caracal_12.jpg,Caracal
1,train\CARACAL\caracal_120.jpg,Caracal
1,train\CARACAL\caracal_121.jpg,Caracal
1,train\CARACAL\caracal_122.jpg,Caracal
1,train\CARACAL\caracal_123.jpg,Caracal
1,train\CARACAL\caracal_124.jpg,Caracal
1,train\CARACAL\caracal_125.jpg,Caracal
1,train\CARACAL\caracal_126.jpg,Caracal
1,train\CARACAL\caracal_127.jpg,Caracal
1,train\CARACAL\caracal_128.jpg,Caracal
1,train\CARACAL\caracal_129.jpg,Caracal
1,train\CARACAL\caracal_13.jpg,Caracal
1,train\CARACAL\caracal_130.jpg,Caracal
1,train\CARACAL\caracal_131.jpg,Caracal
1,train\CARACAL\caracal_132.jpg,Caracal
1,train\CARACAL\caracal_133.jpg,Caracal
1,train\CARACAL\caracal_134.jpg,Caracal
1,train\CARACAL\caracal_135.jpg,Caracal
1,train\CARACAL\caracal_136.jpg,Caracal
1,train\CARACAL\caracal_137.jpg,Caracal
1,train\CARACAL\caracal_138.jpg,Caracal
1,train\CARACAL\caracal_139.jpg,Caracal
1,train\CARACAL\caracal_14.jpg,Caracal
1,train\CARACAL\caracal_140.jpg,Caracal
1,train\CARACAL\caracal_141.jpg,Caracal
1,train\CARACAL\caracal_142.jpg,Caracal
1,train\CARACAL\caracal_143.jpg,Caracal
1,train\CARACAL\caracal_144.jpg,Caracal
1,train\CARACAL\caracal_145.jpg,Caracal
1,train\CARACAL\caracal_146.jpg,Caracal
1,train\CARACAL\caracal_147.jpg,Caracal
1,train\CARACAL\caracal_148.jpg,Caracal
1,train\CARACAL\caracal_149.jpg,Caracal
1,train\CARACAL\caracal_15.jpg,Caracal
1,train\CARACAL\caracal_150.jpg,Caracal
1,train\CARACAL\caracal_151.jpg,Caracal
1,train\CARACAL\caracal_152.jpg,Caracal
1,train\CARACAL\caracal_153.jpg,Caracal
1,train\CARACAL\caracal_154.jpg,Caracal
1,train\CARACAL\caracal_155.jpg,Caracal
1,train\CARACAL\caracal_156.jpg,Caracal
1,train\CARACAL\caracal_157.jpg,Caracal
1,train\CARACAL\caracal_158.jpg,Caracal
1,train\CARACAL\caracal_159.jpg,Caracal
1,train\CARACAL\caracal_16.jpg,Caracal
1,train\CARACAL\caracal_160.jpg,Caracal
1,train\CARACAL\caracal_161.jpg,Caracal
1,train\CARACAL\caracal_162.jpg,Caracal
1,train\CARACAL\caracal_163.jpg,Caracal
1,train\CARACAL\caracal_164.jpg,Caracal
1,train\CARACAL\caracal_165.jpg,Caracal
1,train\CARACAL\caracal_17.jpg,Caracal
1,train\CARACAL\caracal_18.jpg,Caracal
1,train\CARACAL\caracal_19.jpg,Caracal
1,train\CARACAL\caracal_2.jpg,Caracal
1,train\CARACAL\caracal_20.jpg,Caracal
1,train\CARACAL\caracal_21.jpg,Caracal
1,train\CARACAL\caracal_22.jpg,Caracal
1,train\CARACAL\caracal_23.jpg,Caracal
1,train\CARACAL\caracal_24.jpg,Caracal
1,train\CARACAL\caracal_25.jpg,Caracal
1,train\CARACAL\caracal_26.jpg,Caracal
1,train\CARACAL\caracal_27.jpg,Caracal
1,train\CARACAL\caracal_28.jpg,Caracal
1,train\CARACAL\caracal_29.jpg,Caracal
1,train\CARACAL\caracal_3.jpg,Caracal
1,train\CARACAL\caracal_30.jpg,Caracal
1,train\CARACAL\caracal_31.jpg,Caracal
1,train\CARACAL\caracal_32.jpg,Caracal
1,train\CARACAL\caracal_33.jpg,Caracal
1,train\CARACAL\caracal_34.jpg,Caracal
1,train\CARACAL\caracal_35.jpg,Caracal
1,train\CARACAL\caracal_36.jpg,Caracal
1,train\CARACAL\caracal_37.jpg,Caracal
1,train\CARACAL\caracal_38.jpg,Caracal
1,train\CARACAL\caracal_39.jpg,Caracal
1,train\CARACAL\caracal_4.jpg,Caracal
1,train\CARACAL\caracal_40.jpg,Caracal
1,train\CARACAL\caracal_41.jpg,Caracal
1,train\CARACAL\caracal_42.jpg,Caracal
1,train\CARACAL\caracal_43.jpg,Caracal
1,train\CARACAL\caracal_44.jpg,Caracal
1,train\CARACAL\caracal_45.jpg,Caracal
1,train\CARACAL\caracal_46.jpg,Caracal
1,train\CARACAL\caracal_47.jpg,Caracal
1,train\CARACAL\caracal_48.jpg,Caracal
1,train\CARACAL\caracal_49.jpg,Caracal
1,train\CARACAL\caracal_5.jpg,Caracal
1,train\CARACAL\caracal_50.jpg,Caracal
1,train\CARACAL\caracal_51.jpg,Caracal
1,train\CARACAL\caracal_52.jpg,Caracal
1,train\CARACAL\caracal_53.jpg,Caracal
1,train\CARACAL\caracal_54.jpg,Caracal
1,train\CARACAL\caracal_55.jpg,Caracal
1,train\CARACAL\caracal_56.jpg,Caracal
1,train\CARACAL\caracal_57.jpg,Caracal
1,train\CARACAL\caracal_58.jpg,Caracal
1,train\CARACAL\caracal_59.jpg,Caracal
1,train\CARACAL\caracal_6.jpg,Caracal
1,train\CARACAL\caracal_60.jpg,Caracal
1,train\CARACAL\caracal_61.jpg,Caracal
1,train\CARACAL\caracal_62.jpg,Caracal
1,train\CARACAL\caracal_63.jpg,Caracal
1,train\CARACAL\caracal_64.jpg,Caracal
1,train\CARACAL\caracal_65.jpg,Caracal
1,train\CARACAL\caracal_66.jpg,Caracal
1,train\CARACAL\caracal_67.jpg,Caracal
1,train\CARACAL\caracal_68.jpg,Caracal
1,train\CARACAL\caracal_69.jpg,Caracal
1,train\CARACAL\caracal_7.jpg,Caracal
1,train\CARACAL\caracal_70.jpg,Caracal
1,train\CARACAL\caracal_71.jpg,Caracal
1,train\CARACAL\caracal_72.jpg,Caracal
1,train\CARACAL\caracal_73.jpg,Caracal
1,train\CARACAL\caracal_74.jpg,Caracal
1,train\CARACAL\caracal_75.jpg,Caracal
1,train\CARACAL\caracal_76.jpg,Caracal
1,train\CARACAL\caracal_77.jpg,Caracal
1,train\CARACAL\caracal_78.jpg,Caracal
1,train\CARACAL\caracal_79.jpg,Caracal
1,train\CARACAL\caracal_8.jpg,Caracal
1,train\CARACAL\caracal_80.jpg,Caracal
1,train\CARACAL\caracal_81.jpg,Caracal
1,train\CARACAL\caracal_82.jpg,Caracal
1,train\CARACAL\caracal_83.jpg,Caracal
1,train\CARACAL\caracal_84.jpg,Caracal
1,train\CARACAL\caracal_85.jpg,Caracal
1,train\CARACAL\caracal_86.jpg,Caracal
1,train\CARACAL\caracal_87.jpg,Caracal
1,train\CARACAL\caracal_88.jpg,Caracal
1,train\CARACAL\caracal_89.jpg,Caracal
1,train\CARACAL\caracal_9.jpg,Caracal
1,train\CARACAL\caracal_90.jpg,Caracal
1,train\CARACAL\caracal_91.jpg,Caracal
1,train\CARACAL\caracal_92.jpg,Caracal
1,train\CARACAL\caracal_93.jpg,Caracal
1,train\CARACAL\caracal_94.jpg,Caracal
1,train\CARACAL\caracal_95.jpg,Caracal
1,train\CARACAL\caracal_96.jpg,Caracal
1,train\CARACAL\caracal_97.jpg,Caracal
1,train\CARACAL\caracal_98.jpg,Caracal
1,train\CARACAL\caracal_99.jpg,Caracal
2,train\CHEETAH\cheetah_1.jpg,Cheetah
2,train\CHEETAH\cheetah_10.jpg,Cheetah
2,train\CHEETAH\cheetah_100.jpg,Cheetah
2,train\CHEETAH\cheetah_101.jpg,Cheetah
2,train\CHEETAH\cheetah_102.jpg,Cheetah
2,train\CHEETAH\cheetah_103.jpg,Cheetah
2,train\CHEETAH\cheetah_104.jpg,Cheetah
2,train\CHEETAH\cheetah_105.jpg,Cheetah
2,train\CHEETAH\cheetah_106.jpg,Cheetah
2,train\CHEETAH\cheetah_107.jpg,Cheetah
2,train\CHEETAH\cheetah_108.jpg,Cheetah
2,train\CHEETAH\cheetah_109.jpg,Cheetah
2,train\CHEETAH\cheetah_11.jpg,Cheetah
2,train\CHEETAH\cheetah_110.jpg,Cheetah
2,train\CHEETAH\cheetah_111.jpg,Cheetah
2,train\CHEETAH\cheetah_112.jpg,Cheetah
2,train\CHEETAH\cheetah_113.jpg,Cheetah
2,train\CHEETAH\cheetah_114.jpg,Cheetah
2,train\CHEETAH\cheetah_115.jpg,Cheetah
2,train\CHEETAH\cheetah_116.jpg,Cheetah
2,train\CHEETAH\cheetah_117.jpg,Cheetah
2,train\CHEETAH\cheetah_118.jpg,Cheetah
2,train\CHEETAH\cheetah_119.jpg,Cheetah
2,train\CHEETAH\cheetah_12.jpg,Cheetah
2,train\CHEETAH\cheetah_120.jpg,Cheetah
2,train\CHEETAH\cheetah_121.jpg,Cheetah
2,train\CHEETAH\cheetah_122.jpg,Cheetah
2,train\CHEETAH\cheetah_123.jpg,Cheetah
2,train\CHEETAH\cheetah_124.jpg,Cheetah
2,train\CHEETAH\cheetah_125.jpg,Cheetah
2,train\CHEETAH\cheetah_126.jpg,Cheetah
2,train\CHEETAH\cheetah_127.jpg,Cheetah
2,train\CHEETAH\cheetah_128.jpg,Cheetah
2,train\CHEETAH\cheetah_129.jpg,Cheetah
2,train\CHEETAH\cheetah_13.jpg,Cheetah
2,train\CHEETAH\cheetah_130.jpg,Cheetah
2,train\CHEETAH\cheetah_131.jpg,Cheetah
2,train\CHEETAH\cheetah_132.jpg,Cheetah
2,train\CHEETAH\cheetah_133.jpg,Cheetah
2,train\CHEETAH\cheetah_134.jpg,Cheetah
2,train\CHEETAH\cheetah_135.jpg,Cheetah
2,train\CHEETAH\cheetah_136.jpg,Cheetah
2,train\CHEETAH\cheetah_137.jpg,Cheetah
2,train\CHEETAH\cheetah_138.jpg,Cheetah
2,train\CHEETAH\cheetah_139.jpg,Cheetah
2,train\CHEETAH\cheetah_14.jpg,Cheetah
2,train\CHEETAH\cheetah_140.jpg,Cheetah
2,train\CHEETAH\cheetah_141.jpg,Cheetah
2,train\CHEETAH\cheetah_142.jpg,Cheetah
2,train\CHEETAH\cheetah_143.jpg,Cheetah
2,train\CHEETAH\cheetah_144.jpg,Cheetah
2,train\CHEETAH\cheetah_145.jpg,Cheetah
2,train\CHEETAH\cheetah_146.jpg,Cheetah
2,train\CHEETAH\cheetah_147.jpg,Cheetah
2,train\CHEETAH\cheetah_148.jpg,Cheetah
2,train\CHEETAH\cheetah_149.jpg,Cheetah
2,train\CHEETAH\cheetah_15.jpg,Cheetah
2,train\CHEETAH\cheetah_150.jpg,Cheetah
2,train\CHEETAH\cheetah_151.jpg,Cheetah
2,train\CHEETAH\cheetah_152.jpg,Cheetah
2,train\CHEETAH\cheetah_153.jpg,Cheetah
2,train\CHEETAH\cheetah_154.jpg,Cheetah
2,train\CHEETAH\cheetah_155.jpg,Cheetah
2,train\CHEETAH\cheetah_156.jpg,Cheetah
2,train\CHEETAH\cheetah_157.jpg,Cheetah
2,train\CHEETAH\cheetah_158.jpg,Cheetah
2,train\CHEETAH\cheetah_159.jpg,Cheetah
2,train\CHEETAH\cheetah_16.jpg,Cheetah
2,train\CHEETAH\cheetah_160.jpg,Cheetah
2,train\CHEETAH\cheetah_161.jpg,Cheetah
2,train\CHEETAH\cheetah_162.jpg,Cheetah
2,train\CHEETAH\cheetah_163.jpg,Cheetah
2,train\CHEETAH\cheetah_164.jpg,Cheetah
2,train\CHEETAH\cheetah_165.jpg,Cheetah
2,train\CHEETAH\cheetah_17.jpg,Cheetah
2,train\CHEETAH\cheetah_18.jpg,Cheetah
2,train\CHEETAH\cheetah_19.jpg,Cheetah
2,train\CHEETAH\cheetah_2.jpg,Cheetah
2,train\CHEETAH\cheetah_20.jpg,Cheetah
2,train\CHEETAH\cheetah_21.jpg,Cheetah
2,train\CHEETAH\cheetah_22.jpg,Cheetah
2,train\CHEETAH\cheetah_23.jpg,Cheetah
2,train\CHEETAH\cheetah_24.jpg,Cheetah
2,train\CHEETAH\cheetah_25.jpg,Cheetah
2,train\CHEETAH\cheetah_26.jpg,Cheetah
2,train\CHEETAH\cheetah_27.jpg,Cheetah
2,train\CHEETAH\cheetah_28.jpg,Cheetah
2,train\CHEETAH\cheetah_29.jpg,Cheetah
2,train\CHEETAH\cheetah_3.jpg,Cheetah
2,train\CHEETAH\cheetah_30.jpg,Cheetah
2,train\CHEETAH\cheetah_31.jpg,Cheetah
2,train\CHEETAH\cheetah_32.jpg,Cheetah
2,train\CHEETAH\cheetah_33.jpg,Cheetah
2,train\CHEETAH\cheetah_34.jpg,Cheetah
2,train\CHEETAH\cheetah_35.jpg,Cheetah
2,train\CHEETAH\cheetah_36.jpg,Cheetah
2,train\CHEETAH\cheetah_37.jpg,Cheetah
2,train\CHEETAH\cheetah_38.jpg,Cheetah
2,train\CHEETAH\cheetah_39.jpg,Cheetah
2,train\CHEETAH\cheetah_4.jpg,Cheetah
2,train\CHEETAH\cheetah_40.jpg,Cheetah
2,train\CHEETAH\cheetah_41.jpg,Cheetah
2,train\CHEETAH\cheetah_42.jpg,Cheetah
2,train\CHEETAH\cheetah_43.jpg,Cheetah
2,train\CHEETAH\cheetah_44.jpg,Cheetah
2,train\CHEETAH\cheetah_45.jpg,Cheetah
2,train\CHEETAH\cheetah_46.jpg,Cheetah
2,train\CHEETAH\cheetah_47.jpg,Cheetah
2,train\CHEETAH\cheetah_48.jpg,Cheetah
2,train\CHEETAH\cheetah_49.jpg,Cheetah
2,train\CHEETAH\cheetah_5.jpg,Cheetah
2,train\CHEETAH\cheetah_50.jpg,Cheetah
2,train\CHEETAH\cheetah_51.jpg,Cheetah
2,train\CHEETAH\cheetah_52.jpg,Cheetah
2,train\CHEETAH\cheetah_53.jpg,Cheetah
2,train\CHEETAH\cheetah_54.jpg,Cheetah
2,train\CHEETAH\cheetah_55.jpg,Cheetah
2,train\CHEETAH\cheetah_56.jpg,Cheetah
2,train\CHEETAH\cheetah_57.jpg,Cheetah
2,train\CHEETAH\cheetah_58.jpg,Cheetah
2,train\CHEETAH\cheetah_59.jpg,Cheetah
2,train\CHEETAH\cheetah_6.jpg,Cheetah
2,train\CHEETAH\cheetah_60.jpg,Cheetah
2,train\CHEETAH\cheetah_61.jpg,Cheetah
2,train\CHEETAH\cheetah_62.jpg,Cheetah
2,train\CHEETAH\cheetah_63.jpg,Cheetah
2,train\CHEETAH\cheetah_64.jpg,Cheetah
2,train\CHEETAH\cheetah_65.jpg,Cheetah
2,train\CHEETAH\cheetah_66.jpg,Cheetah
2,train\CHEETAH\cheetah_67.jpg,Cheetah
2,train\CHEETAH\cheetah_68.jpg,Cheetah
2,train\CHEETAH\cheetah_69.jpg,Cheetah
2,train\CHEETAH\cheetah_7.jpg,Cheetah
2,train\CHEETAH\cheetah_70.jpg,Cheetah
2,train\CHEETAH\cheetah_71.jpg,Cheetah
2,train\CHEETAH\cheetah_72.jpg,Cheetah
2,train\CHEETAH\cheetah_73.jpg,Cheetah
2,train\CHEETAH\cheetah_74.jpg,Cheetah
2,train\CHEETAH\cheetah_75.jpg,Cheetah
2,train\CHEETAH\cheetah_76.jpg,Cheetah
2,train\CHEETAH\cheetah_77.jpg,Cheetah
2,train\CHEETAH\cheetah_78.jpg,Cheetah
2,train\CHEETAH\cheetah_79.jpg,Cheetah
2,train\CHEETAH\cheetah_8.jpg,Cheetah
2,train\CHEETAH\cheetah_80.jpg,Cheetah
2,train\CHEETAH\cheetah_81.jpg,Cheetah
2,train\CHEETAH\cheetah_82.jpg,Cheetah
2,train\CHEETAH\cheetah_83.jpg,Cheetah
2,train\CHEETAH\cheetah_84.jpg,Cheetah
2,train\CHEETAH\cheetah_85.jpg,Cheetah
2,train\CHEETAH\cheetah_86.jpg,Cheetah
2,train\CHEETAH\cheetah_87.jpg,Cheetah
2,train\CHEETAH\cheetah_88.jpg,Cheetah
2,train\CHEETAH\cheetah_89.jpg,Cheetah
2,train\CHEETAH\cheetah_9.jpg,Cheetah
2,train\CHEETAH\cheetah_90.jpg,Cheetah
2,train\CHEETAH\cheetah_91.jpg,Cheetah
2,train\CHEETAH\cheetah_92.jpg,Cheetah
2,train\CHEETAH\cheetah_93.jpg,Cheetah
2,train\CHEETAH\cheetah_94.jpg,Cheetah
2,train\CHEETAH\cheetah_95.jpg,Cheetah
2,train\CHEETAH\cheetah_96.jpg,Cheetah
2,train\CHEETAH\cheetah_97.jpg,Cheetah
2,train\CHEETAH\cheetah_98.jpg,Cheetah
2,train\CHEETAH\cheetah_99.jpg,Cheetah
3,train\CLOUDED LEOPARD\clouded_leopard_1.jpg,Clouded Leopard
3,train\CLOUDED LEOPARD\clouded_leopard_10.jpg,Clouded Leopard
3,train\CLOUDED LEOPARD\clouded_leopard_100.jpg,Clouded Leopard
3,train\CLOUDED LEOPARD\clouded_leopard_101.jpg,Clouded Leopard
3,train\CLOUDED LEOPARD\clouded_leopard_102.jpg,Clouded Leopard
3,train\CLOUDED LEOPARD\clouded_leopard_103.jpg,Clouded Leopard
3,train\CLOUDED LEOPARD\clouded_leopard_104.jpg,Clouded Leopard
3,train\CLOUDED LEOPARD\clouded_leopard_105.jpg,Clouded Leopard
3,train\CLOUDED LEOPARD\clouded_leopard_106.jpg,Clouded Leopard
3,train\CLOUDED LEOPARD\clouded_leopard_107.jpg,Clouded Leopard
3,train\CLOUDED LEOPARD\clouded_leopard_108.jpg,Clouded Leopard
3,train\CLOUDED LEOPARD\clouded_leopard_109.jpg,Clouded Leopard
3,train\CLOUDED LEOPARD\clouded_leopard_11.jpg,Clouded Leopard
3,train\CLOUDED LEOPARD\clouded_leopard_110.jpg,Clouded Leopard
3,train\CLOUDED LEOPARD\clouded_leopard_111.jpg,Clouded Leopard
3,train\CLOUDED LEOPARD\clouded_leopard_112.jpg,Clouded Leopard
3,train\CLOUDED LEOPARD\clouded_leopard_113.jpg,Clouded Leopard
3,train\CLOUDED LEOPARD\clouded_leopard_114.jpg,Clouded Leopard
3,train\CLOUDED LEOPARD\clouded_leopard_115.jpg,Clouded Leopard
3,train\CLOUDED LEOPARD\clouded_leopard_116.jpg,Clouded Leopard
3,train\CLOUDED LEOPARD\clouded_leopard_117.jpg,Clouded Leopard
3,train\CLOUDED LEOPARD\clouded_leopard_118.jpg,Clouded Leopard
3,train\CLOUDED LEOPARD\clouded_leopard_119.jpg,Clouded Leopard
3,train\CLOUDED LEOPARD\clouded_leopard_12.jpg,Clouded Leopard
3,train\CLOUDED LEOPARD\clouded_leopard_120.jpg,Clouded Leopard
3,train\CLOUDED LEOPARD\clouded_leopard_121.jpg,Clouded Leopard
3,train\CLOUDED LEOPARD\clouded_leopard_122.jpg,Clouded Leopard
3,train\CLOUDED LEOPARD\clouded_leopard_123.jpg,Clouded Leopard
3,train\CLOUDED LEOPARD\clouded_leopard_124.jpg,Clouded Leopard
3,train\CLOUDED LEOPARD\clouded_leopard_125.jpg,Clouded Leopard
3,train\CLOUDED LEOPARD\clouded_leopard_126.jpg,Clouded Leopard
3,train\CLOUDED LEOPARD\clouded_leopard_127.jpg,Clouded Leopard
3,train\CLOUDED LEOPARD\clouded_leopard_128.jpg,Clouded Leopard
3,train\CLOUDED LEOPARD\clouded_leopard_129.jpg,Clouded Leopard
3,train\CLOUDED LEOPARD\clouded_leopard_13.jpg,Clouded Leopard
3,train\CLOUDED LEOPARD\clouded_leopard_130.jpg,Clouded Leopard
3,train\CLOUDED LEOPARD\clouded_leopard_131.jpg,Clouded Leopard
3,train\CLOUDED LEOPARD\clouded_leopard_132.jpg,Clouded Leopard
3,train\CLOUDED LEOPARD\clouded_leopard_133.jpg,Clouded Leopard
3,train\CLOUDED LEOPARD\clouded_leopard_134.jpg,Clouded Leopard
3,train\CLOUDED LEOPARD\clouded_leopard_135.jpg,Clouded Leopard
3,train\CLOUDED LEOPARD\clouded_leopard_136.jpg,Clouded Leopard
3,train\CLOUDED LEOPARD\clouded_leopard_137.jpg,Clouded Leopard
3,train\CLOUDED LEOPARD\clouded_leopard_138.jpg,Clouded Leopard
3,train\CLOUDED LEOPARD\clouded_leopard_139.jpg,Clouded Leopard
3,train\CLOUDED LEOPARD\clouded_leopard_14.jpg,Clouded Leopard
3,train\CLOUDED LEOPARD\clouded_leopard_140.jpg,Clouded Leopard
3,train\CLOUDED LEOPARD\clouded_leopard_141.jpg,Clouded Leopard
3,train\CLOUDED LEOPARD\clouded_leopard_142.jpg,Clouded Leopard
3,train\CLOUDED LEOPARD\clouded_leopard_143.jpg,Clouded Leopard
3,train\CLOUDED LEOPARD\clouded_leopard_144.jpg,Clouded Leopard
3,train\CLOUDED LEOPARD\clouded_leopard_145.jpg,Clouded Leopard
3,train\CLOUDED LEOPARD\clouded_leopard_146.jpg,Clouded Leopard
3,train\CLOUDED LEOPARD\clouded_leopard_147.jpg,Clouded Leopard
3,train\CLOUDED LEOPARD\clouded_leopard_148.jpg,Clouded Leopard
3,train\CLOUDED LEOPARD\clouded_leopard_149.jpg,Clouded Leopard
3,train\CLOUDED LEOPARD\clouded_leopard_15.jpg,Clouded Leopard
3,train\CLOUDED LEOPARD\clouded_leopard_150.jpg,Clouded Leopard
3,train\CLOUDED LEOPARD\clouded_leopard_151.jpg,Clouded Leopard
3,train\CLOUDED LEOPARD\clouded_leopard_152.jpg,Clouded Leopard
3,train\CLOUDED LEOPARD\clouded_leopard_153.jpg,Clouded Leopard
3,train\CLOUDED LEOPARD\clouded_leopard_154.jpg,Clouded Leopard
3,train\CLOUDED LEOPARD\clouded_leopard_155.jpg,Clouded Leopard
3,train\CLOUDED LEOPARD\clouded_leopard_156.jpg,Clouded Leopard
3,train\CLOUDED LEOPARD\clouded_leopard_157.jpg,Clouded Leopard
3,train\CLOUDED LEOPARD\clouded_leopard_158.jpg,Clouded Leopard
3,train\CLOUDED LEOPARD\clouded_leopard_159.jpg,Clouded Leopard
3,train\CLOUDED LEOPARD\clouded_leopard_16.jpg,Clouded Leopard
3,train\CLOUDED LEOPARD\clouded_leopard_160.jpg,Clouded Leopard
3,train\CLOUDED LEOPARD\clouded_leopard_161.jpg,Clouded Leopard
3,train\CLOUDED LEOPARD\clouded_leopard_162.jpg,Clouded Leopard
3,train\CLOUDED LEOPARD\clouded_leopard_163.jpg,Clouded Leopard
3,train\CLOUDED LEOPARD\clouded_leopard_164.jpg,Clouded Leopard
3,train\CLOUDED LEOPARD\clouded_leopard_165.jpg,Clouded Leopard
3,train\CLOUDED LEOPARD\clouded_leopard_17.jpg,Clouded Leopard
3,train\CLOUDED LEOPARD\clouded_leopard_18.jpg,Clouded Leopard
3,train\CLOUDED LEOPARD\clouded_leopard_19.jpg,Clouded Leopard
3,train\CLOUDED LEOPARD\clouded_leopard_2.jpg,Clouded Leopard
3,train\CLOUDED LEOPARD\clouded_leopard_20.jpg,Clouded Leopard
3,train\CLOUDED LEOPARD\clouded_leopard_21.jpg,Clouded Leopard
3,train\CLOUDED LEOPARD\clouded_leopard_22.jpg,Clouded Leopard
3,train\CLOUDED LEOPARD\clouded_leopard_23.jpg,Clouded Leopard
3,train\CLOUDED LEOPARD\clouded_leopard_24.jpg,Clouded Leopard
3,train\CLOUDED LEOPARD\clouded_leopard_25.jpg,Clouded Leopard
3,train\CLOUDED LEOPARD\clouded_leopard_26.jpg,Clouded Leopard
3,train\CLOUDED LEOPARD\clouded_leopard_27.jpg,Clouded Leopard
3,train\CLOUDED LEOPARD\clouded_leopard_28.jpg,Clouded Leopard
3,train\CLOUDED LEOPARD\clouded_leopard_29.jpg,Clouded Leopard
3,train\CLOUDED LEOPARD\clouded_leopard_3.jpg,Clouded Leopard
3,train\CLOUDED LEOPARD\clouded_leopard_30.jpg,Clouded Leopard
3,train\CLOUDED LEOPARD\clouded_leopard_31.jpg,Clouded Leopard
3,train\CLOUDED LEOPARD\clouded_leopard_32.jpg,Clouded Leopard
3,train\CLOUDED LEOPARD\clouded_leopard_33.jpg,Clouded Leopard
3,train\CLOUDED LEOPARD\clouded_leopard_34.jpg,Clouded Leopard
3,train\CLOUDED LEOPARD\clouded_leopard_35.jpg,Clouded Leopard
3,train\CLOUDED LEOPARD\clouded_leopard_36.jpg,Clouded Leopard
3,train\CLOUDED LEOPARD\clouded_leopard_37.jpg,Clouded Leopard
3,train\CLOUDED LEOPARD\clouded_leopard_38.jpg,Clouded Leopard
3,train\CLOUDED LEOPARD\clouded_leopard_39.jpg,Clouded Leopard
3,train\CLOUDED LEOPARD\clouded_leopard_4.jpg,Clouded Leopard
3,train\CLOUDED LEOPARD\clouded_leopard_40.jpg,Clouded Leopard
3,train\CLOUDED LEOPARD\clouded_leopard_41.jpg,Clouded Leopard
3,train\CLOUDED LEOPARD\clouded_leopard_42.jpg,Clouded Leopard
3,train\CLOUDED LEOPARD\clouded_leopard_43.jpg,Clouded Leopard
3,train\CLOUDED LEOPARD\clouded_leopard_44.jpg,Clouded Leopard
3,train\CLOUDED LEOPARD\clouded_leopard_45.jpg,Clouded Leopard
3,train\CLOUDED LEOPARD\clouded_leopard_46.jpg,Clouded Leopard
3,train\CLOUDED LEOPARD\clouded_leopard_47.jpg,Clouded Leopard
3,train\CLOUDED LEOPARD\clouded_leopard_48.jpg,Clouded Leopard
3,train\CLOUDED LEOPARD\clouded_leopard_49.jpg,Clouded Leopard
3,train\CLOUDED LEOPARD\clouded_leopard_5.jpg,Clouded Leopard
3,train\CLOUDED LEOPARD\clouded_leopard_50.jpg,Clouded Leopard
3,train\CLOUDED LEOPARD\clouded_leopard_51.jpg,Clouded Leopard
3,train\CLOUDED LEOPARD\clouded_leopard_52.jpg,Clouded Leopard
3,train\CLOUDED LEOPARD\clouded_leopard_53.jpg,Clouded Leopard
3,train\CLOUDED LEOPARD\clouded_leopard_54.jpg,Clouded Leopard
3,train\CLOUDED LEOPARD\clouded_leopard_55.jpg,Clouded Leopard
3,train\CLOUDED LEOPARD\clouded_leopard_56.jpg,Clouded Leopard
3,train\CLOUDED LEOPARD\clouded_leopard_57.jpg,Clouded Leopard
3,train\CLOUDED LEOPARD\clouded_leopard_58.jpg,Clouded Leopard
3,train\CLOUDED LEOPARD\clouded_leopard_59.jpg,Clouded Leopard
3,train\CLOUDED LEOPARD\clouded_leopard_6.jpg,Clouded Leopard
3,train\CLOUDED LEOPARD\clouded_leopard_60.jpg,Clouded Leopard
3,train\CLOUDED LEOPARD\clouded_leopard_61.jpg,Clouded Leopard
3,train\CLOUDED LEOPARD\clouded_leopard_62.jpg,Clouded Leopard
3,train\CLOUDED LEOPARD\clouded_leopard_63.jpg,Clouded Leopard
3,train\CLOUDED LEOPARD\clouded_leopard_64.jpg,Clouded Leopard
3,train\CLOUDED LEOPARD\clouded_leopard_65.jpg,Clouded Leopard
3,train\CLOUDED LEOPARD\clouded_leopard_66.jpg,Clouded Leopard
3,train\CLOUDED LEOPARD\clouded_leopard_67.jpg,Clouded Leopard
3,train\CLOUDED LEOPARD\clouded_leopard_68.jpg,Clouded Leopard
3,train\CLOUDED LEOPARD\clouded_leopard_69.jpg,Clouded Leopard
3,train\CLOUDED LEOPARD\clouded_leopard_7.jpg,Clouded Leopard
3,train\CLOUDED LEOPARD\clouded_leopard_70.jpg,Clouded Leopard
3,train\CLOUDED LEOPARD\clouded_leopard_71.jpg,Clouded Leopard
3,train\CLOUDED LEOPARD\clouded_leopard_72.jpg,Clouded Leopard
3,train\CLOUDED LEOPARD\clouded_leopard_73.jpg,Clouded Leopard
3,train\CLOUDED LEOPARD\clouded_leopard_74.jpg,Clouded Leopard
3,train\CLOUDED LEOPARD\clouded_leopard_75.jpg,Clouded Leopard
3,train\CLOUDED LEOPARD\clouded_leopard_76.jpg,Clouded Leopard
3,train\CLOUDED LEOPARD\clouded_leopard_77.jpg,Clouded Leopard
3,train\CLOUDED LEOPARD\clouded_leopard_78.jpg,Clouded Leopard
3,train\CLOUDED LEOPARD\clouded_leopard_79.jpg,Clouded Leopard
3,train\CLOUDED LEOPARD\clouded_leopard_8.jpg,Clouded Leopard
3,train\CLOUDED LEOPARD\clouded_leopard_80.jpg,Clouded Leopard
3,train\CLOUDED LEOPARD\clouded_leopard_81.jpg,Clouded Leopard
3,train\CLOUDED LEOPARD\clouded_leopard_82.jpg,Clouded Leopard
3,train\CLOUDED LEOPARD\clouded_leopard_83.jpg,Clouded Leopard
3,train\CLOUDED LEOPARD\clouded_leopard_84.jpg,Clouded Leopard
3,train\CLOUDED LEOPARD\clouded_leopard_85.jpg,Clouded Leopard
3,train\CLOUDED LEOPARD\clouded_leopard_86.jpg,Clouded Leopard
3,train\CLOUDED LEOPARD\clouded_leopard_87.jpg,Clouded Leopard
3,train\CLOUDED LEOPARD\clouded_leopard_88.jpg,Clouded Leopard
3,train\CLOUDED LEOPARD\clouded_leopard_89.jpg,Clouded Leopard
3,train\CLOUDED LEOPARD\clouded_leopard_9.jpg,Clouded Leopard
3,train\CLOUDED LEOPARD\clouded_leopard_90.jpg,Clouded Leopard
3,train\CLOUDED LEOPARD\clouded_leopard_91.jpg,Clouded Leopard
3,train\CLOUDED LEOPARD\clouded_leopard_92.jpg,Clouded Leopard
3,train\CLOUDED LEOPARD\clouded_leopard_93.jpg,Clouded Leopard
3,train\CLOUDED LEOPARD\clouded_leopard_94.jpg,Clouded Leopard
3,train\CLOUDED LEOPARD\clouded_leopard_95.jpg,Clouded Leopard
3,train\CLOUDED LEOPARD\clouded_leopard_96.jpg,Clouded Leopard
3,train\CLOUDED LEOPARD\clouded_leopard_97.jpg,Clouded Leopard
3,train\CLOUDED LEOPARD\clouded_leopard_98.jpg,Clouded Leopard
3,train\CLOUDED LEOPARD\clouded_leopard_99.jpg,Clouded Leopard
4,train\JAGUAR\jaguar_1.jpg,Jaguar
4,train\JAGUAR\jaguar_10.jpg,Jaguar
4,train\JAGUAR\jaguar_100.jpg,Jaguar
4,train\JAGUAR\jaguar_101.jpg,Jaguar
4,train\JAGUAR\jaguar_102.jpg,Jaguar
4,train\JAGUAR\jaguar_103.jpg,Jaguar
4,train\JAGUAR\jaguar_104.jpg,Jaguar
4,train\JAGUAR\jaguar_105.jpg,Jaguar
4,train\JAGUAR\jaguar_106.jpg,Jaguar
4,train\JAGUAR\jaguar_107.jpg,Jaguar
4,train\JAGUAR\jaguar_108.jpg,Jaguar
4,train\JAGUAR\jaguar_109.jpg,Jaguar
4,train\JAGUAR\jaguar_11.jpg,Jaguar
4,train\JAGUAR\jaguar_110.jpg,Jaguar
4,train\JAGUAR\jaguar_111.jpg,Jaguar
4,train\JAGUAR\jaguar_112.jpg,Jaguar
4,train\JAGUAR\jaguar_113.jpg,Jaguar
4,train\JAGUAR\jaguar_114.jpg,Jaguar
4,train\JAGUAR\jaguar_115.jpg,Jaguar
4,train\JAGUAR\jaguar_116.jpg,Jaguar
4,train\JAGUAR\jaguar_117.jpg,Jaguar
4,train\JAGUAR\jaguar_118.jpg,Jaguar
4,train\JAGUAR\jaguar_119.jpg,Jaguar
4,train\JAGUAR\jaguar_12.jpg,Jaguar
4,train\JAGUAR\jaguar_120.jpg,Jaguar
4,train\JAGUAR\jaguar_121.jpg,Jaguar
4,train\JAGUAR\jaguar_122.jpg,Jaguar
4,train\JAGUAR\jaguar_123.jpg,Jaguar
4,train\JAGUAR\jaguar_124.jpg,Jaguar
4,train\JAGUAR\jaguar_125.jpg,Jaguar
4,train\JAGUAR\jaguar_126.jpg,Jaguar
4,train\JAGUAR\jaguar_127.jpg,Jaguar
4,train\JAGUAR\jaguar_128.jpg,Jaguar
4,train\JAGUAR\jaguar_129.jpg,Jaguar
4,train\JAGUAR\jaguar_13.jpg,Jaguar
4,train\JAGUAR\jaguar_130.jpg,Jaguar
4,train\JAGUAR\jaguar_131.jpg,Jaguar
4,train\JAGUAR\jaguar_132.jpg,Jaguar
4,train\JAGUAR\jaguar_133.jpg,Jaguar
4,train\JAGUAR\jaguar_134.jpg,Jaguar
4,train\JAGUAR\jaguar_135.jpg,Jaguar
4,train\JAGUAR\jaguar_136.jpg,Jaguar
4,train\JAGUAR\jaguar_137.jpg,Jaguar
4,train\JAGUAR\jaguar_138.jpg,Jaguar
4,train\JAGUAR\jaguar_139.jpg,Jaguar
4,train\JAGUAR\jaguar_14.jpg,Jaguar
4,train\JAGUAR\jaguar_140.jpg,Jaguar
4,train\JAGUAR\jaguar_141.jpg,Jaguar
4,train\JAGUAR\jaguar_142.jpg,Jaguar
4,train\JAGUAR\jaguar_143.jpg,Jaguar
4,train\JAGUAR\jaguar_144.jpg,Jaguar
4,train\JAGUAR\jaguar_145.jpg,Jaguar
4,train\JAGUAR\jaguar_146.jpg,Jaguar
4,train\JAGUAR\jaguar_147.jpg,Jaguar
4,train\JAGUAR\jaguar_148.jpg,Jaguar
4,train\JAGUAR\jaguar_149.jpg,Jaguar
4,train\JAGUAR\jaguar_15.jpg,Jaguar
4,train\JAGUAR\jaguar_150.jpg,Jaguar
4,train\JAGUAR\jaguar_151.jpg,Jaguar
4,train\JAGUAR\jaguar_152.jpg,Jaguar
4,train\JAGUAR\jaguar_153.jpg,Jaguar
4,train\JAGUAR\jaguar_154.jpg,Jaguar
4,train\JAGUAR\jaguar_155.jpg,Jaguar
4,train\JAGUAR\jaguar_156.jpg,Jaguar
4,train\JAGUAR\jaguar_157.jpg,Jaguar
4,train\JAGUAR\jaguar_158.jpg,Jaguar
4,train\JAGUAR\jaguar_159.jpg,Jaguar
4,train\JAGUAR\jaguar_16.jpg,Jaguar
4,train\JAGUAR\jaguar_160.jpg,Jaguar
4,train\JAGUAR\jaguar_161.jpg,Jaguar
4,train\JAGUAR\jaguar_162.jpg,Jaguar
4,train\JAGUAR\jaguar_163.jpg,Jaguar
4,train\JAGUAR\jaguar_164.jpg,Jaguar
4,train\JAGUAR\jaguar_165.jpg,Jaguar
4,train\JAGUAR\jaguar_17.jpg,Jaguar
4,train\JAGUAR\jaguar_18.jpg,Jaguar
4,train\JAGUAR\jaguar_19.jpg,Jaguar
4,train\JAGUAR\jaguar_2.jpg,Jaguar
4,train\JAGUAR\jaguar_20.jpg,Jaguar
4,train\JAGUAR\jaguar_21.jpg,Jaguar
4,train\JAGUAR\jaguar_22.jpg,Jaguar
4,train\JAGUAR\jaguar_23.jpg,Jaguar
4,train\JAGUAR\jaguar_24.jpg,Jaguar
4,train\JAGUAR\jaguar_25.jpg,Jaguar
4,train\JAGUAR\jaguar_26.jpg,Jaguar
4,train\JAGUAR\jaguar_27.jpg,Jaguar
4,train\JAGUAR\jaguar_28.jpg,Jaguar
4,train\JAGUAR\jaguar_29.jpg,Jaguar
4,train\JAGUAR\jaguar_3.jpg,Jaguar
4,train\JAGUAR\jaguar_30.jpg,Jaguar
4,train\JAGUAR\jaguar_31.jpg,Jaguar
4,train\JAGUAR\jaguar_32.jpg,Jaguar
4,train\JAGUAR\jaguar_33.jpg,Jaguar
4,train\JAGUAR\jaguar_34.jpg,Jaguar
4,train\JAGUAR\jaguar_35.jpg,Jaguar
4,train\JAGUAR\jaguar_36.jpg,Jaguar
4,train\JAGUAR\jaguar_37.jpg,Jaguar
4,train\JAGUAR\jaguar_38.jpg,Jaguar
4,train\JAGUAR\jaguar_39.jpg,Jaguar
4,train\JAGUAR\jaguar_4.jpg,Jaguar
4,train\JAGUAR\jaguar_40.jpg,Jaguar
4,train\JAGUAR\jaguar_41.jpg,Jaguar
4,train\JAGUAR\jaguar_42.jpg,Jaguar
4,train\JAGUAR\jaguar_43.jpg,Jaguar
4,train\JAGUAR\jaguar_44.jpg,Jaguar
4,train\JAGUAR\jaguar_45.jpg,Jaguar
4,train\JAGUAR\jaguar_46.jpg,Jaguar
4,train\JAGUAR\jaguar_47.jpg,Jaguar
4,train\JAGUAR\jaguar_48.jpg,Jaguar
4,train\JAGUAR\jaguar_49.jpg,Jaguar
4,train\JAGUAR\jaguar_5.jpg,Jaguar
4,train\JAGUAR\jaguar_50.jpg,Jaguar
4,train\JAGUAR\jaguar_51.jpg,Jaguar
4,train\JAGUAR\jaguar_52.jpg,Jaguar
4,train\JAGUAR\jaguar_53.jpg,Jaguar
4,train\JAGUAR\jaguar_54.jpg,Jaguar
4,train\JAGUAR\jaguar_55.jpg,Jaguar
4,train\JAGUAR\jaguar_56.jpg,Jaguar
4,train\JAGUAR\jaguar_57.jpg,Jaguar
4,train\JAGUAR\jaguar_58.jpg,Jaguar
4,train\JAGUAR\jaguar_59.jpg,Jaguar
4,train\JAGUAR\jaguar_6.jpg,Jaguar
4,train\JAGUAR\jaguar_60.jpg,Jaguar
4,train\JAGUAR\jaguar_61.jpg,Jaguar
4,train\JAGUAR\jaguar_62.jpg,Jaguar
4,train\JAGUAR\jaguar_63.jpg,Jaguar
4,train\JAGUAR\jaguar_64.jpg,Jaguar
4,train\JAGUAR\jaguar_65.jpg,Jaguar
4,train\JAGUAR\jaguar_66.jpg,Jaguar
4,train\JAGUAR\jaguar_67.jpg,Jaguar
4,train\JAGUAR\jaguar_68.jpg,Jaguar
4,train\JAGUAR\jaguar_69.jpg,Jaguar
4,train\JAGUAR\jaguar_7.jpg,Jaguar
4,train\JAGUAR\jaguar_70.jpg,Jaguar
4,train\JAGUAR\jaguar_71.jpg,Jaguar
4,train\JAGUAR\jaguar_72.jpg,Jaguar
4,train\JAGUAR\jaguar_73.jpg,Jaguar
4,train\JAGUAR\jaguar_74.jpg,Jaguar
4,train\JAGUAR\jaguar_75.jpg,Jaguar
4,train\JAGUAR\jaguar_76.jpg,Jaguar
4,train\JAGUAR\jaguar_77.jpg,Jaguar
4,train\JAGUAR\jaguar_78.jpg,Jaguar
4,train\JAGUAR\jaguar_79.jpg,Jaguar
4,train\JAGUAR\jaguar_8.jpg,Jaguar
4,train\JAGUAR\jaguar_80.jpg,Jaguar
4,train\JAGUAR\jaguar_81.jpg,Jaguar
4,train\JAGUAR\jaguar_82.jpg,Jaguar
4,train\JAGUAR\jaguar_83.jpg,Jaguar
4,train\JAGUAR\jaguar_84.jpg,Jaguar
4,train\JAGUAR\jaguar_85.jpg,Jaguar
4,train\JAGUAR\jaguar_86.jpg,Jaguar
4,train\JAGUAR\jaguar_87.jpg,Jaguar
4,train\JAGUAR\jaguar_88.jpg,Jaguar
4,train\JAGUAR\jaguar_89.jpg,Jaguar
4,train\JAGUAR\jaguar_9.jpg,Jaguar
4,train\JAGUAR\jaguar_90.jpg,Jaguar
4,train\JAGUAR\jaguar_91.jpg,Jaguar
4,train\JAGUAR\jaguar_92.jpg,Jaguar
4,train\JAGUAR\jaguar_93.jpg,Jaguar
4,train\JAGUAR\jaguar_94.jpg,Jaguar
4,train\JAGUAR\jaguar_95.jpg,Jaguar
4,train\JAGUAR\jaguar_96.jpg,Jaguar
4,train\JAGUAR\jaguar_97.jpg,Jaguar
4,train\JAGUAR\jaguar_98.jpg,Jaguar
4,train\JAGUAR\jaguar_99.jpg,Jaguar
5,train\LION\lion_1.jpg,Lion
5,train\LION\lion_10.jpg,Lion
5,train\LION\lion_100.jpg,Lion
5,train\LION\lion_101.jpg,Lion
5,train\LION\lion_102.jpg,Lion
5,train\LION\lion_103.jpg,Lion
5,train\LION\lion_104.jpg,Lion
5,train\LION\lion_105.jpg,Lion
5,train\LION\lion_106.jpg,Lion
5,train\LION\lion_107.jpg,Lion
5,train\LION\lion_108.jpg,Lion
5,train\LION\lion_109.jpg,Lion
5,train\LION\lion_11.jpg,Lion
5,train\LION\lion_110.jpg,Lion
5,train\LION\lion_111.jpg,Lion
5,train\LION\lion_112.jpg,Lion
5,train\LION\lion_113.jpg,Lion
5,train\LION\lion_114.jpg,Lion
5,train\LION\lion_115.jpg,Lion
5,train\LION\lion_116.jpg,Lion
5,train\LION\lion_117.jpg,Lion
5,train\LION\lion_118.jpg,Lion
5,train\LION\lion_119.jpg,Lion
5,train\LION\lion_12.jpg,Lion
5,train\LION\lion_120.jpg,Lion
5,train\LION\lion_121.jpg,Lion
5,train\LION\lion_122.jpg,Lion
5,train\LION\lion_123.jpg,Lion
5,train\LION\lion_124.jpg,Lion
5,train\LION\lion_125.jpg,Lion
5,train\LION\lion_126.jpg,Lion
5,train\LION\lion_127.jpg,Lion
5,train\LION\lion_128.jpg,Lion
5,train\LION\lion_129.jpg,Lion
5,train\LION\lion_13.jpg,Lion
5,train\LION\lion_130.jpg,Lion
5,train\LION\lion_131.jpg,Lion
5,train\LION\lion_132.jpg,Lion
5,train\LION\lion_133.jpg,Lion
5,train\LION\lion_134.jpg,Lion
5,train\LION\lion_135.jpg,Lion
5,train\LION\lion_136.jpg,Lion
5,train\LION\lion_137.jpg,Lion
5,train\LION\lion_138.jpg,Lion
5,train\LION\lion_139.jpg,Lion
5,train\LION\lion_14.jpg,Lion
5,train\LION\lion_140.jpg,Lion
5,train\LION\lion_141.jpg,Lion
5,train\LION\lion_142.jpg,Lion
5,train\LION\lion_143.jpg,Lion
5,train\LION\lion_144.jpg,Lion
5,train\LION\lion_145.jpg,Lion
5,train\LION\lion_146.jpg,Lion
5,train\LION\lion_147.jpg,Lion
5,train\LION\lion_148.jpg,Lion
5,train\LION\lion_149.jpg,Lion
5,train\LION\lion_15.jpg,Lion
5,train\LION\lion_150.jpg,Lion
5,train\LION\lion_151.jpg,Lion
5,train\LION\lion_152.jpg,Lion
5,train\LION\lion_153.jpg,Lion
5,train\LION\lion_154.jpg,Lion
5,train\LION\lion_155.jpg,Lion
5,train\LION\lion_156.jpg,Lion
5,train\LION\lion_157.jpg,Lion
5,train\LION\lion_158.jpg,Lion
5,train\LION\lion_159.jpg,Lion
5,train\LION\lion_16.jpg,Lion
5,train\LION\lion_160.jpg,Lion
5,train\LION\lion_161.jpg,Lion
5,train\LION\lion_162.jpg,Lion
5,train\LION\lion_163.jpg,Lion
5,train\LION\lion_164.jpg,Lion
5,train\LION\lion_165.jpg,Lion
5,train\LION\lion_17.jpg,Lion
5,train\LION\lion_18.jpg,Lion
5,train\LION\lion_19.jpg,Lion
5,train\LION\lion_2.jpg,Lion
5,train\LION\lion_20.jpg,Lion
5,train\LION\lion_21.jpg,Lion
5,train\LION\lion_22.jpg,Lion
5,train\LION\lion_23.jpg,Lion
5,train\LION\lion_24.jpg,Lion
5,train\LION\lion_25.jpg,Lion
5,train\LION\lion_26.jpg,Lion
5,train\LION\lion_27.jpg,Lion
5,train\LION\lion_28.jpg,Lion
5,train\LION\lion_29.jpg,Lion
5,train\LION\lion_3.jpg,Lion
5,train\LION\lion_30.jpg,Lion
5,train\LION\lion_31.jpg,Lion
5,train\LION\lion_32.jpg,Lion
5,train\LION\lion_33.jpg,Lion
5,train\LION\lion_34.jpg,Lion
5,train\LION\lion_35.jpg,Lion
5,train\LION\lion_36.jpg,Lion
5,train\LION\lion_37.jpg,Lion
5,train\LION\lion_38.jpg,Lion
5,train\LION\lion_39.jpg,Lion
5,train\LION\lion_4.jpg,Lion
5,train\LION\lion_40.jpg,Lion
5,train\LION\lion_41.jpg,Lion
5,train\LION\lion_42.jpg,Lion
5,train\LION\lion_43.jpg,Lion
5,train\LION\lion_44.jpg,Lion
5,train\LION\lion_45.jpg,Lion
5,train\LION\lion_46.jpg,Lion
5,train\LION\lion_47.jpg,Lion
5,train\LION\lion_48.jpg,Lion
5,train\LION\lion_49.jpg,Lion
5,train\LION\lion_5.jpg,Lion
5,train\LION\lion_50.jpg,Lion
5,train\LION\lion_51.jpg,Lion
5,train\LION\lion_52.jpg,Lion
5,train\LION\lion_53.jpg,Lion
5,train\LION\lion_54.jpg,Lion
5,train\LION\lion_55.jpg,Lion
5,train\LION\lion_56.jpg,Lion
5,train\LION\lion_57.jpg,Lion
5,train\LION\lion_58.jpg,Lion
5,train\LION\lion_59.jpg,Lion
5,train\LION\lion_6.jpg,Lion
5,train\LION\lion_60.jpg,Lion
5,train\LION\lion_61.jpg,Lion
5,train\LION\lion_62.jpg,Lion
5,train\LION\lion_63.jpg,Lion
5,train\LION\lion_64.jpg,Lion
5,train\LION\lion_65.jpg,Lion
5,train\LION\lion_66.jpg,Lion
5,train\LION\lion_67.jpg,Lion
5,train\LION\lion_68.jpg,Lion
5,train\LION\lion_69.jpg,Lion
5,train\LION\lion_7.jpg,Lion
5,train\LION\lion_70.jpg,Lion
5,train\LION\lion_71.jpg,Lion
5,train\LION\lion_72.jpg,Lion
5,train\LION\lion_73.jpg,Lion
5,train\LION\lion_74.jpg,Lion
5,train\LION\lion_75.jpg,Lion
5,train\LION\lion_76.jpg,Lion
5,train\LION\lion_77.jpg,Lion
5,train\LION\lion_78.jpg,Lion
5,train\LION\lion_79.jpg,Lion
5,train\LION\lion_8.jpg,Lion
5,train\LION\lion_80.jpg,Lion
5,train\LION\lion_81.jpg,Lion
5,train\LION\lion_82.jpg,Lion
5,train\LION\lion_83.jpg,Lion
5,train\LION\lion_84.jpg,Lion
5,train\LION\lion_85.jpg,Lion
5,train\LION\lion_86.jpg,Lion
5,train\LION\lion_87.jpg,Lion
5,train\LION\lion_88.jpg,Lion
5,train\LION\lion_89.jpg,Lion
5,train\LION\lion_9.jpg,Lion
5,train\LION\lion_90.jpg,Lion
5,train\LION\lion_91.jpg,Lion
5,train\LION\lion_92.jpg,Lion
5,train\LION\lion_93.jpg,Lion
5,train\LION\lion_94.jpg,Lion
5,train\LION\lion_95.jpg,Lion
5,train\LION\lion_96.jpg,Lion
5,train\LION\lion_97.jpg,Lion
5,train\LION\lion_98.jpg,Lion
5,train\LION\lion_99.jpg,Lion
6,train\OCELOT\ocelot_1.jpg,Ocelot
6,train\OCELOT\ocelot_10.jpg,Ocelot
6,train\OCELOT\ocelot_100.jpg,Ocelot
6,train\OCELOT\ocelot_101.jpg,Ocelot
6,train\OCELOT\ocelot_102.jpg,Ocelot
6,train\OCELOT\ocelot_103.jpg,Ocelot
6,train\OCELOT\ocelot_104.jpg,Ocelot
6,train\OCELOT\ocelot_105.jpg,Ocelot
6,train\OCELOT\ocelot_106.jpg,Ocelot
6,train\OCELOT\ocelot_107.jpg,Ocelot
6,train\OCELOT\ocelot_108.jpg,Ocelot
6,train\OCELOT\ocelot_109.jpg,Ocelot
6,train\OCELOT\ocelot_11.jpg,Ocelot
6,train\OCELOT\ocelot_110.jpg,Ocelot
6,train\OCELOT\ocelot_111.jpg,Ocelot
6,train\OCELOT\ocelot_112.jpg,Ocelot
6,train\OCELOT\ocelot_113.jpg,Ocelot
6,train\OCELOT\ocelot_114.jpg,Ocelot
6,train\OCELOT\ocelot_115.jpg,Ocelot
6,train\OCELOT\ocelot_116.jpg,Ocelot
6,train\OCELOT\ocelot_117.jpg,Ocelot
6,train\OCELOT\ocelot_118.jpg,Ocelot
6,train\OCELOT\ocelot_119.jpg,Ocelot
6,train\OCELOT\ocelot_12.jpg,Ocelot
6,train\OCELOT\ocelot_120.jpg,Ocelot
6,train\OCELOT\ocelot_121.jpg,Ocelot
6,train\OCELOT\ocelot_122.jpg,Ocelot
6,train\OCELOT\ocelot_123.jpg,Ocelot
6,train\OCELOT\ocelot_124.jpg,Ocelot
6,train\OCELOT\ocelot_125.jpg,Ocelot
6,train\OCELOT\ocelot_126.jpg,Ocelot
6,train\OCELOT\ocelot_127.jpg,Ocelot
6,train\OCELOT\ocelot_128.jpg,Ocelot
6,train\OCELOT\ocelot_129.jpg,Ocelot
6,train\OCELOT\ocelot_13.jpg,Ocelot
6,train\OCELOT\ocelot_130.jpg,Ocelot
6,train\OCELOT\ocelot_131.jpg,Ocelot
6,train\OCELOT\ocelot_132.jpg,Ocelot
6,train\OCELOT\ocelot_133.jpg,Ocelot
6,train\OCELOT\ocelot_134.jpg,Ocelot
6,train\OCELOT\ocelot_135.jpg,Ocelot
6,train\OCELOT\ocelot_136.jpg,Ocelot
6,train\OCELOT\ocelot_137.jpg,Ocelot
6,train\OCELOT\ocelot_138.jpg,Ocelot
6,train\OCELOT\ocelot_139.jpg,Ocelot
6,train\OCELOT\ocelot_14.jpg,Ocelot
6,train\OCELOT\ocelot_140.jpg,Ocelot
6,train\OCELOT\ocelot_141.jpg,Ocelot
6,train\OCELOT\ocelot_142.jpg,Ocelot
6,train\OCELOT\ocelot_143.jpg,Ocelot
6,train\OCELOT\ocelot_144.jpg,Ocelot
6,train\OCELOT\ocelot_145.jpg,Ocelot
6,train\OCELOT\ocelot_146.jpg,Ocelot
6,train\OCELOT\ocelot_147.jpg,Ocelot
6,train\OCELOT\ocelot_148.jpg,Ocelot
6,train\OCELOT\ocelot_149.jpg,Ocelot
6,train\OCELOT\ocelot_15.jpg,Ocelot
6,train\OCELOT\ocelot_150.jpg,Ocelot
6,train\OCELOT\ocelot_151.jpg,Ocelot
6,train\OCELOT\ocelot_152.jpg,Ocelot
6,train\OCELOT\ocelot_153.jpg,Ocelot
6,train\OCELOT\ocelot_154.jpg,Ocelot
6,train\OCELOT\ocelot_155.jpg,Ocelot
6,train\OCELOT\ocelot_156.jpg,Ocelot
6,train\OCELOT\ocelot_157.jpg,Ocelot
6,train\OCELOT\ocelot_158.jpg,Ocelot
6,train\OCELOT\ocelot_159.jpg,Ocelot
6,train\OCELOT\ocelot_16.jpg,Ocelot
6,train\OCELOT\ocelot_160.jpg,Ocelot
6,train\OCELOT\ocelot_161.jpg,Ocelot
6,train\OCELOT\ocelot_162.jpg,Ocelot
6,train\OCELOT\ocelot_163.jpg,Ocelot
6,train\OCELOT\ocelot_164.jpg,Ocelot
6,train\OCELOT\ocelot_165.jpg,Ocelot
6,train\OCELOT\ocelot_17.jpg,Ocelot
6,train\OCELOT\ocelot_18.jpg,Ocelot
6,train\OCELOT\ocelot_19.jpg,Ocelot
6,train\OCELOT\ocelot_2.jpg,Ocelot
6,train\OCELOT\ocelot_20.jpg,Ocelot
6,train\OCELOT\ocelot_21.jpg,Ocelot
6,train\OCELOT\ocelot_22.jpg,Ocelot
6,train\OCELOT\ocelot_23.jpg,Ocelot
6,train\OCELOT\ocelot_24.jpg,Ocelot
6,train\OCELOT\ocelot_25.jpg,Ocelot
6,train\OCELOT\ocelot_26.jpg,Ocelot
6,train\OCELOT\ocelot_27.jpg,Ocelot
6,train\OCELOT\ocelot_28.jpg,Ocelot
6,train\OCELOT\ocelot_29.jpg,Ocelot
6,train\OCELOT\ocelot_3.jpg,Ocelot
6,train\OCELOT\ocelot_30.jpg,Ocelot
6,train\OCELOT\ocelot_31.jpg,Ocelot
6,train\OCELOT\ocelot_32.jpg,Ocelot
6,train\OCELOT\ocelot_33.jpg,Ocelot
6,train\OCELOT\ocelot_34.jpg,Ocelot
6,train\OCELOT\ocelot_35.jpg,Ocelot
6,train\OCELOT\ocelot_36.jpg,Ocelot
6,train\OCELOT\ocelot_37.jpg,Ocelot
6,train\OCELOT\ocelot_38.jpg,Ocelot
6,train\OCELOT\ocelot_39.jpg,Ocelot
6,train\OCELOT\ocelot_4.jpg,Ocelot
6,train\OCELOT\ocelot_40.jpg,Ocelot
6,train\OCELOT\ocelot_41.jpg,Ocelot
6,train\OCELOT\ocelot_42.jpg,Ocelot
6,train\OCELOT\ocelot_43.jpg,Ocelot
6,train\OCELOT\ocelot_44.jpg,Ocelot
6,train\OCELOT\ocelot_45.jpg,Ocelot
6,train\OCELOT\ocelot_46.jpg,Ocelot
6,train\OCELOT\ocelot_47.jpg,Ocelot
6,train\OCELOT\ocelot_48.jpg,Ocelot
6,train\OCELOT\ocelot_49.jpg,Ocelot
6,train\OCELOT\ocelot_5.jpg,Ocelot
6,train\OCELOT\ocelot_50.jpg,Ocelot
6,train\OCELOT\ocelot_51.jpg,Ocelot
6,train\OCELOT\ocelot_52.jpg,Ocelot
6,train\OCELOT\ocelot_53.jpg,Ocelot
6,train\OCELOT\ocelot_54.jpg,Ocelot
6,train\OCELOT\ocelot_55.jpg,Ocelot
6,train\OCELOT\ocelot_56.jpg,Ocelot
6,train\OCELOT\ocelot_57.jpg,Ocelot
6,train\OCELOT\ocelot_58.jpg,Ocelot
6,train\OCELOT\ocelot_59.jpg,Ocelot
6,train\OCELOT\ocelot_6.jpg,Ocelot
6,train\OCELOT\ocelot_60.jpg,Ocelot
6,train\OCELOT\ocelot_61.jpg,Ocelot
6,train\OCELOT\ocelot_62.jpg,Ocelot
6,train\OCELOT\ocelot_63.jpg,Ocelot
6,train\OCELOT\ocelot_64.jpg,Ocelot
6,train\OCELOT\ocelot_65.jpg,Ocelot
6,train\OCELOT\ocelot_66.jpg,Ocelot
6,train\OCELOT\ocelot_67.jpg,Ocelot
6,train\OCELOT\ocelot_68.jpg,Ocelot
6,train\OCELOT\ocelot_69.jpg,Ocelot
6,train\OCELOT\ocelot_7.jpg,Ocelot
6,train\OCELOT\ocelot_70.jpg,Ocelot
6,train\OCELOT\ocelot_71.jpg,Ocelot
6,train\OCELOT\ocelot_72.jpg,Ocelot
6,train\OCELOT\ocelot_73.jpg,Ocelot
6,train\OCELOT\ocelot_74.jpg,Ocelot
6,train\OCELOT\ocelot_75.jpg,Ocelot
6,train\OCELOT\ocelot_76.jpg,Ocelot
6,train\OCELOT\ocelot_77.jpg,Ocelot
6,train\OCELOT\ocelot_78.jpg,Ocelot
6,train\OCELOT\ocelot_79.jpg,Ocelot
6,train\OCELOT\ocelot_8.jpg,Ocelot
6,train\OCELOT\ocelot_80.jpg,Ocelot
6,train\OCELOT\ocelot_81.jpg,Ocelot
6,train\OCELOT\ocelot_82.jpg,Ocelot
6,train\OCELOT\ocelot_83.jpg,Ocelot
6,train\OCELOT\ocelot_84.jpg,Ocelot
6,train\OCELOT\ocelot_85.jpg,Ocelot
6,train\OCELOT\ocelot_86.jpg,Ocelot
6,train\OCELOT\ocelot_87.jpg,Ocelot
6,train\OCELOT\ocelot_88.jpg,Ocelot
6,train\OCELOT\ocelot_89.jpg,Ocelot
6,train\OCELOT\ocelot_9.jpg,Ocelot
6,train\OCELOT\ocelot_90.jpg,Ocelot
6,train\OCELOT\ocelot_91.jpg,Ocelot
6,train\OCELOT\ocelot_92.jpg,Ocelot
6,train\OCELOT\ocelot_93.jpg,Ocelot
6,train\OCELOT\ocelot_94.jpg,Ocelot
6,train\OCELOT\ocelot_95.jpg,Ocelot
6,train\OCELOT\ocelot_96.jpg,Ocelot
6,train\OCELOT\ocelot_97.jpg,Ocelot
6,train\OCELOT\ocelot_98.jpg,Ocelot
6,train\OCELOT\ocelot_99.jpg,Ocelot
7,train\PUMA\puma_1.jpg,Puma
7,train\PUMA\puma_10.jpg,Puma
7,train\PUMA\puma_100.jpg,Puma
7,train\PUMA\puma_101.jpg,Puma
7,train\PUMA\puma_102.jpg,Puma
7,train\PUMA\puma_103.jpg,Puma
7,train\PUMA\puma_104.jpg,Puma
7,train\PUMA\puma_105.jpg,Puma
7,train\PUMA\puma_106.jpg,Puma
7,train\PUMA\puma_107.jpg,Puma
7,train\PUMA\puma_108.jpg,Puma
7,train\PUMA\puma_109.jpg,Puma
7,train\PUMA\puma_11.jpg,Puma
7,train\PUMA\puma_110.jpg,Puma
7,train\PUMA\puma_111.jpg,Puma
7,train\PUMA\puma_112.jpg,Puma
7,train\PUMA\puma_113.jpg,Puma
7,train\PUMA\puma_114.jpg,Puma
7,train\PUMA\puma_115.jpg,Puma
7,train\PUMA\puma_116.jpg,Puma
7,train\PUMA\puma_117.jpg,Puma
7,train\PUMA\puma_118.jpg,Puma
7,train\PUMA\puma_119.jpg,Puma
7,train\PUMA\puma_12.jpg,Puma
7,train\PUMA\puma_120.jpg,Puma
7,train\PUMA\puma_121.jpg,Puma
7,train\PUMA\puma_122.jpg,Puma
7,train\PUMA\puma_123.jpg,Puma
7,train\PUMA\puma_124.jpg,Puma
7,train\PUMA\puma_125.jpg,Puma
7,train\PUMA\puma_126.jpg,Puma
7,train\PUMA\puma_127.jpg,Puma
7,train\PUMA\puma_128.jpg,Puma
7,train\PUMA\puma_129.jpg,Puma
7,train\PUMA\puma_13.jpg,Puma
7,train\PUMA\puma_130.jpg,Puma
7,train\PUMA\puma_131.jpg,Puma
7,train\PUMA\puma_132.jpg,Puma
7,train\PUMA\puma_133.jpg,Puma
7,train\PUMA\puma_134.jpg,Puma
7,train\PUMA\puma_135.jpg,Puma
7,train\PUMA\puma_136.jpg,Puma
7,train\PUMA\puma_137.jpg,Puma
7,train\PUMA\puma_138.jpg,Puma
7,train\PUMA\puma_139.jpg,Puma
7,train\PUMA\puma_14.jpg,Puma
7,train\PUMA\puma_140.jpg,Puma
7,train\PUMA\puma_141.jpg,Puma
7,train\PUMA\puma_142.jpg,Puma
7,train\PUMA\puma_143.jpg,Puma
7,train\PUMA\puma_144.jpg,Puma
7,train\PUMA\puma_145.jpg,Puma
7,train\PUMA\puma_146.jpg,Puma
7,train\PUMA\puma_147.jpg,Puma
7,train\PUMA\puma_148.jpg,Puma
7,train\PUMA\puma_149.jpg,Puma
7,train\PUMA\puma_15.jpg,Puma
7,train\PUMA\puma_150.jpg,Puma
7,train\PUMA\puma_151.jpg,Puma
7,train\PUMA\puma_152.jpg,Puma
7,train\PUMA\puma_153.jpg,Puma
7,train\PUMA\puma_154.jpg,Puma
7,train\PUMA\puma_155.jpg,Puma
7,train\PUMA\puma_156.jpg,Puma
7,train\PUMA\puma_157.jpg,Puma
7,train\PUMA\puma_158.jpg,Puma
7,train\PUMA\puma_159.jpg,Puma
7,train\PUMA\puma_16.jpg,Puma
7,train\PUMA\puma_160.jpg,Puma
7,train\PUMA\puma_161.jpg,Puma
7,train\PUMA\puma_162.jpg,Puma
7,train\PUMA\puma_163.jpg,Puma
7,train\PUMA\puma_164.jpg,Puma
7,train\PUMA\puma_165.jpg,Puma
7,train\PUMA\puma_17.jpg,Puma
7,train\PUMA\puma_18.jpg,Puma
7,train\PUMA\puma_19.jpg,Puma
7,train\PUMA\puma_2.jpg,Puma
7,train\PUMA\puma_20.jpg,Puma
7,train\PUMA\puma_21.jpg,Puma
7,train\PUMA\puma_22.jpg,Puma
7,train\PUMA\puma_23.jpg,Puma
7,train\PUMA\puma_24.jpg,Puma
7,train\PUMA\puma_25.jpg,Puma
7,train\PUMA\puma_26.jpg,Puma
7,train\PUMA\puma_27.jpg,Puma
7,train\PUMA\puma_28.jpg,Puma
7,train\PUMA\puma_29.jpg,Puma
7,train\PUMA\puma_3.jpg,Puma
7,train\PUMA\puma_30.jpg,Puma
7,train\PUMA\puma_31.jpg,Puma
7,train\PUMA\puma_32.jpg,Puma
7,train\PUMA\puma_33.jpg,Puma
7,train\PUMA\puma_34.jpg,Puma
7,train\PUMA\puma_35.jpg,Puma
7,train\PUMA\puma_36.jpg,Puma
7,train\PUMA\puma_37.jpg,Puma
7,train\PUMA\puma_38.jpg,Puma
7,train\PUMA\puma_39.jpg,Puma
7,train\PUMA\puma_4.jpg,Puma
7,train\PUMA\puma_40.jpg,Puma
7,train\PUMA\puma_41.jpg,Puma
7,train\PUMA\puma_42.jpg,Puma
7,train\PUMA\puma_43.jpg,Puma
7,train\PUMA\puma_44.jpg,Puma
7,train\PUMA\puma_45.jpg,Puma
7,train\PUMA\puma_46.jpg,Puma
7,train\PUMA\puma_47.jpg,Puma
7,train\PUMA\puma_48.jpg,Puma
7,train\PUMA\puma_49.jpg,Puma
7,train\PUMA\puma_5.jpg,Puma
7,train\PUMA\puma_50.jpg,Puma
7,train\PUMA\puma_51.jpg,Puma
7,train\PUMA\puma_52.jpg,Puma
7,train\PUMA\puma_53.jpg,Puma
7,train\PUMA\puma_54.jpg,Puma
7,train\PUMA\puma_55.jpg,Puma
7,train\PUMA\puma_56.jpg,Puma
7,train\PUMA\puma_57.jpg,Puma
7,train\PUMA\puma_58.jpg,Puma
7,train\PUMA\puma_59.jpg,Puma
7,train\PUMA\puma_6.jpg,Puma
7,train\PUMA\puma_60.jpg,Puma
7,train\PUMA\puma_61.jpg,Puma
7,train\PUMA\puma_62.jpg,Puma
7,train\PUMA\puma_63.jpg,Puma
7,train\PUMA\puma_64.jpg,Puma
7,train\PUMA\puma_65.jpg,Puma
7,train\PUMA\puma_66.jpg,Puma
7,train\PUMA\puma_67.jpg,Puma
7,train\PUMA\puma_68.jpg,Puma
7,train\PUMA\puma_69.jpg,Puma
7,train\PUMA\puma_7.jpg,Puma
7,train\PUMA\puma_70.jpg,Puma
7,train\PUMA\puma_71.jpg,Puma
7,train\PUMA\puma_72.jpg,Puma
7,train\PUMA\puma_73.jpg,Puma
7,train\PUMA\puma_74.jpg,Puma
7,train\PUMA\puma_75.jpg,Puma
7,train\PUMA\puma_76.jpg,Puma
7,train\PUMA\puma_77.jpg,Puma
7,train\PUMA\puma_78.jpg,Puma
7,train\PUMA\puma_79.jpg,Puma
7,train\PUMA\puma_8.jpg,Puma
7,train\PUMA\puma_80.jpg,Puma
7,train\PUMA\puma_81.jpg,Puma
7,train\PUMA\puma_82.jpg,Puma
7,train\PUMA\puma_83.jpg,Puma
7,train\PUMA\puma_84.jpg,Puma
7,train\PUMA\puma_85.jpg,Puma
7,train\PUMA\puma_86.jpg,Puma
7,train\PUMA\puma_87.jpg,Puma
7,train\PUMA\puma_88.jpg,Puma
7,train\PUMA\puma_89.jpg,Puma
7,train\PUMA\puma_9.jpg,Puma
7,train\PUMA\puma_90.jpg,Puma
7,train\PUMA\puma_91.jpg,Puma
7,train\PUMA\puma_92.jpg,Puma
7,train\PUMA\puma_93.jpg,Puma
7,train\PUMA\puma_94.jpg,Puma
7,train\PUMA\puma_95.jpg,Puma
7,train\PUMA\puma_96.jpg,Puma
7,train\PUMA\puma_97.jpg,Puma
7,train\PUMA\puma_98.jpg,Puma
7,train\PUMA\puma_99.jpg,Puma
8,train\SNOW LEOPARD\snow_leopard_1.jpg,Snow Leopard
8,train\SNOW LEOPARD\snow_leopard_10.jpg,Snow Leopard
8,train\SNOW LEOPARD\snow_leopard_100.jpg,Snow Leopard
8,train\SNOW LEOPARD\snow_leopard_101.jpg,Snow Leopard
8,train\SNOW LEOPARD\snow_leopard_102.jpg,Snow Leopard
8,train\SNOW LEOPARD\snow_leopard_103.jpg,Snow Leopard
8,train\SNOW LEOPARD\snow_leopard_104.jpg,Snow Leopard
8,train\SNOW LEOPARD\snow_leopard_105.jpg,Snow Leopard
8,train\SNOW LEOPARD\snow_leopard_106.jpg,Snow Leopard
8,train\SNOW LEOPARD\snow_leopard_107.jpg,Snow Leopard
8,train\SNOW LEOPARD\snow_leopard_108.jpg,Snow Leopard
8,train\SNOW LEOPARD\snow_leopard_109.jpg,Snow Leopard
8,train\SNOW LEOPARD\snow_leopard_11.jpg,Snow Leopard
8,train\SNOW LEOPARD\snow_leopard_110.jpg,Snow Leopard
8,train\SNOW LEOPARD\snow_leopard_111.jpg,Snow Leopard
8,train\SNOW LEOPARD\snow_leopard_112.jpg,Snow Leopard
8,train\SNOW LEOPARD\snow_leopard_113.jpg,Snow Leopard
8,train\SNOW LEOPARD\snow_leopard_114.jpg,Snow Leopard
8,train\SNOW LEOPARD\snow_leopard_115.jpg,Snow Leopard
8,train\SNOW LEOPARD\snow_leopard_116.jpg,Snow Leopard
8,train\SNOW LEOPARD\snow_leopard_117.jpg,Snow Leopard
8,train\SNOW LEOPARD\snow_leopard_118.jpg,Snow Leopard
8,train\SNOW LEOPARD\snow_leopard_119.jpg,Snow Leopard
8,train\SNOW LEOPARD\snow_leopard_12.jpg,Snow Leopard
8,train\SNOW LEOPARD\snow_leopard_120.jpg,Snow Leopard
8,train\SNOW LEOPARD\snow_leopard_121.jpg,Snow Leopard
8,train\SNOW LEOPARD\snow_leopard_122.jpg,Snow Leopard
8,train\SNOW LEOPARD\snow_leopard_123.jpg,Snow Leopard
8,train\SNOW LEOPARD\snow_leopard_124.jpg,Snow Leopard
8,train\SNOW LEOPARD\snow_leopard_125.jpg,Snow Leopard
8,train\SNOW LEOPARD\snow_leopard_126.jpg,Snow Leopard
8,train\SNOW LEOPARD\snow_leopard_127.jpg,Snow Leopard
8,train\SNOW LEOPARD\snow_leopard_128.jpg,Snow Leopard
8,train\SNOW LEOPARD\snow_leopard_129.jpg,Snow Leopard
8,train\SNOW LEOPARD\snow_leopard_13.jpg,Snow Leopard
8,train\SNOW LEOPARD\snow_leopard_130.jpg,Snow Leopard
8,train\SNOW LEOPARD\snow_leopard_131.jpg,Snow Leopard
8,train\SNOW LEOPARD\snow_leopard_132.jpg,Snow Leopard
8,train\SNOW LEOPARD\snow_leopard_133.jpg,Snow Leopard
8,train\SNOW LEOPARD\snow_leopard_134.jpg,Snow Leopard
8,train\SNOW LEOPARD\snow_leopard_135.jpg,Snow Leopard
8,train\SNOW LEOPARD\snow_leopard_136.jpg,Snow Leopard
8,train\SNOW LEOPARD\snow_leopard_137.jpg,Snow Leopard
8,train\SNOW LEOPARD\snow_leopard_138.jpg,Snow Leopard
8,train\SNOW LEOPARD\snow_leopard_139.jpg,Snow Leopard
8,train\SNOW LEOPARD\snow_leopard_14.jpg,Snow Leopard
8,train\SNOW LEOPARD\snow_leopard_140.jpg,Snow Leopard
8,train\SNOW LEOPARD\snow_leopard_141.jpg,Snow Leopard
8,train\SNOW LEOPARD\snow_leopard_142.jpg,Snow Leopard
8,train\SNOW LEOPARD\snow_leopard_143.jpg,Snow Leopard
8,train\SNOW LEOPARD\snow_leopard_144.jpg,Snow Leopard
8,train\SNOW LEOPARD\snow_leopard_145.jpg,Snow Leopard
8,train\SNOW LEOPARD\snow_leopard_146.jpg,Snow Leopard
8,train\SNOW LEOPARD\snow_leopard_147.jpg,Snow Leopard
8,train\SNOW LEOPARD\snow_leopard_148.jpg,Snow Leopard
8,train\SNOW LEOPARD\snow_leopard_149.jpg,Snow Leopard
8,train\SNOW LEOPARD\snow_leopard_15.jpg,Snow Leopard
8,train\SNOW LEOPARD\snow_leopard_150.jpg,Snow Leopard
8,train\SNOW LEOPARD\snow_leopard_151.jpg,Snow Leopard
8,train\SNOW LEOPARD\snow_leopard_152.jpg,Snow Leopard
8,train\SNOW LEOPARD\snow_leopard_153.jpg,Snow Leopard
8,train\SNOW LEOPARD\snow_leopard_154.jpg,Snow Leopard
8,train\SNOW LEOPARD\snow_leopard_155.jpg,Snow Leopard
8,train\SNOW LEOPARD\snow_leopard_156.jpg,Snow Leopard
8,train\SNOW LEOPARD\snow_leopard_157.jpg,Snow Leopard
8,train\SNOW LEOPARD\snow_leopard_158.jpg,Snow Leopard
8,train\SNOW LEOPARD\snow_leopard_159.jpg,Snow Leopard
8,train\SNOW LEOPARD\snow_leopard_16.jpg,Snow Leopard
8,train\SNOW LEOPARD\snow_leopard_160.jpg,Snow Leopard
8,train\SNOW LEOPARD\snow_leopard_161.jpg,Snow Leopard
8,train\SNOW LEOPARD\snow_leopard_162.jpg,Snow Leopard
8,train\SNOW LEOPARD\snow_leopard_163.jpg,Snow Leopard
8,train\SNOW LEOPARD\snow_leopard_164.jpg,Snow Leopard
8,train\SNOW LEOPARD\snow_leopard_165.jpg,Snow Leopard
8,train\SNOW LEOPARD\snow_leopard_17.jpg,Snow Leopard
8,train\SNOW LEOPARD\snow_leopard_18.jpg,Snow Leopard
8,train\SNOW LEOPARD\snow_leopard_19.jpg,Snow Leopard
8,train\SNOW LEOPARD\snow_leopard_2.jpg,Snow Leopard
8,train\SNOW LEOPARD\snow_leopard_20.jpg,Snow Leopard
8,train\SNOW LEOPARD\snow_leopard_21.jpg,Snow Leopard
8,train\SNOW LEOPARD\snow_leopard_22.jpg,Snow Leopard
8,train\SNOW LEOPARD\snow_leopard_23.jpg,Snow Leopard
8,train\SNOW LEOPARD\snow_leopard_24.jpg,Snow Leopard
8,train\SNOW LEOPARD\snow_leopard_25.jpg,Snow Leopard
8,train\SNOW LEOPARD\snow_leopard_26.jpg,Snow Leopard
8,train\SNOW LEOPARD\snow_leopard_27.jpg,Snow Leopard
8,train\SNOW LEOPARD\snow_leopard_28.jpg,Snow Leopard
8,train\SNOW LEOPARD\snow_leopard_29.jpg,Snow Leopard
8,train\SNOW LEOPARD\snow_leopard_3.jpg,Snow Leopard
8,train\SNOW LEOPARD\snow_leopard_30.jpg,Snow Leopard
8,train\SNOW LEOPARD\snow_leopard_31.jpg,Snow Leopard
8,train\SNOW LEOPARD\snow_leopard_32.jpg,Snow Leopard
8,train\SNOW LEOPARD\snow_leopard_33.jpg,Snow Leopard
8,train\SNOW LEOPARD\snow_leopard_34.jpg,Snow Leopard
8,train\SNOW LEOPARD\snow_leopard_35.jpg,Snow Leopard
8,train\SNOW LEOPARD\snow_leopard_36.jpg,Snow Leopard
8,train\SNOW LEOPARD\snow_leopard_37.jpg,Snow Leopard
8,train\SNOW LEOPARD\snow_leopard_38.jpg,Snow Leopard
8,train\SNOW LEOPARD\snow_leopard_39.jpg,Snow Leopard
8,train\SNOW LEOPARD\snow_leopard_4.jpg,Snow Leopard
8,train\SNOW LEOPARD\snow_leopard_40.jpg,Snow Leopard
8,train\SNOW LEOPARD\snow_leopard_41.jpg,Snow Leopard
8,train\SNOW LEOPARD\snow_leopard_42.jpg,Snow Leopard
8,train\SNOW LEOPARD\snow_leopard_43.jpg,Snow Leopard
8,train\SNOW LEOPARD\snow_leopard_44.jpg,Snow Leopard
8,train\SNOW LEOPARD\snow_leopard_45.jpg,Snow Leopard
8,train\SNOW LEOPARD\snow_leopard_46.jpg,Snow Leopard
8,train\SNOW LEOPARD\snow_leopard_47.jpg,Snow Leopard
8,train\SNOW LEOPARD\snow_leopard_48.jpg,Snow Leopard
8,train\SNOW LEOPARD\snow_leopard_49.jpg,Snow Leopard
8,train\SNOW LEOPARD\snow_leopard_5.jpg,Snow Leopard
8,train\SNOW LEOPARD\snow_leopard_50.jpg,Snow Leopard
8,train\SNOW LEOPARD\snow_leopard_51.jpg,Snow Leopard
8,train\SNOW LEOPARD\snow_leopard_52.jpg,Snow Leopard
8,train\SNOW LEOPARD\snow_leopard_53.jpg,Snow Leopard
8,train\SNOW LEOPARD\snow_leopard_54.jpg,Snow Leopard
8,train\SNOW LEOPARD\snow_leopard_55.jpg,Snow Leopard
8,train\SNOW LEOPARD\snow_leopard_56.jpg,Snow Leopard
8,train\SNOW LEOPARD\snow_leopard_57.jpg,Snow Leopard
8,train\SNOW LEOPARD\snow_leopard_58.jpg,Snow Leopard
8,train\SNOW LEOPARD\snow_leopard_59.jpg,Snow Leopard
8,train\SNOW LEOPARD\snow_leopard_6.jpg,Snow Leopard
8,train\SNOW LEOPARD\snow_leopard_60.jpg,Snow Leopard
8,train\SNOW LEOPARD\snow_leopard_61.jpg,Snow Leopard
8,train\SNOW LEOPARD\snow_leopard_62.jpg,Snow Leopard
8,train\SNOW LEOPARD\snow_leopard_63.jpg,Snow Leopard
8,train\SNOW LEOPARD\snow_leopard_64.jpg,Snow Leopard
8,train\SNOW LEOPARD\snow_leopard_65.jpg,Snow Leopard
8,train\SNOW LEOPARD\snow_leopard_66.jpg,Snow Leopard
8,train\SNOW LEOPARD\snow_leopard_67.jpg,Snow Leopard
8,train\SNOW LEOPARD\snow_leopard_68.jpg,Snow Leopard
8,train\SNOW LEOPARD\snow_leopard_69.jpg,Snow Leopard
8,train\SNOW LEOPARD\snow_leopard_7.jpg,Snow Leopard
8,train\SNOW LEOPARD\snow_leopard_70.jpg,Snow Leopard
8,train\SNOW LEOPARD\snow_leopard_71.jpg,Snow Leopard
8,train\SNOW LEOPARD\snow_leopard_72.jpg,Snow Leopard
8,train\SNOW LEOPARD\snow_leopard_73.jpg,Snow Leopard
8,train\SNOW LEOPARD\snow_leopard_74.jpg,Snow Leopard
8,train\SNOW LEOPARD\snow_leopard_75.jpg,Snow Leopard
8,train\SNOW LEOPARD\snow_leopard_76.jpg,Snow Leopard
8,train\SNOW LEOPARD\snow_leopard_77.jpg,Snow Leopard
8,train\SNOW LEOPARD\snow_leopard_78.jpg,Snow Leopard
8,train\SNOW LEOPARD\snow_leopard_79.jpg,Snow Leopard
8,train\SNOW LEOPARD\snow_leopard_8.jpg,Snow Leopard
8,train\SNOW LEOPARD\snow_leopard_80.jpg,Snow Leopard
8,train\SNOW LEOPARD\snow_leopard_81.jpg,Snow Leopard
8,train\SNOW LEOPARD\snow_leopard_82.jpg,Snow Leopard
8,train\SNOW LEOPARD\snow_leopard_83.jpg,Snow Leopard
8,train\SNOW LEOPARD\snow_leopard_84.jpg,Snow Leopard
8,train\SNOW LEOPARD\snow_leopard_85.jpg,Snow Leopard
8,train\SNOW LEOPARD\snow_leopard_86.jpg,Snow Leopard
8,train\SNOW LEOPARD\snow_leopard_87.jpg,Snow Leopard
8,train\SNOW LEOPARD\snow_leopard_88.jpg,Snow Leopard
8,train\SNOW LEOPARD\snow_leopard_89.jpg,Snow Leopard
8,train\SNOW LEOPARD\snow_leopard_9.jpg,Snow Leopard
8,train\SNOW LEOPARD\snow_leopard_90.jpg,Snow Leopard
8,train\SNOW LEOPARD\snow_leopard_91.jpg,Snow Leopard
8,train\SNOW LEOPARD\snow_leopard_92.jpg,Snow Leopard
8,train\SNOW LEOPARD\snow_leopard_93.jpg,Snow Leopard
8,train\SNOW LEOPARD\snow_leopard_94.jpg,Snow Leopard
8,train\SNOW LEOPARD\snow_leopard_95.jpg,Snow Leopard
8,train\SNOW LEOPARD\snow_leopard_96.jpg,Snow Leopard
8,train\SNOW LEOPARD\snow_leopard_97.jpg,Snow Leopard
8,train\SNOW LEOPARD\snow_leopard_98.jpg,Snow Leopard
8,train\SNOW LEOPARD\snow_leopard_99.jpg,Snow Leopard
9,train\TIGER\tiger_1.jpg,Tiger
9,train\TIGER\tiger_10.jpg,Tiger
9,train\TIGER\tiger_100.jpg,Tiger
9,train\TIGER\tiger_101.jpg,Tiger
9,train\TIGER\tiger_102.jpg,Tiger
9,train\TIGER\tiger_103.jpg,Tiger
9,train\TIGER\tiger_104.jpg,Tiger
9,train\TIGER\tiger_105.jpg,Tiger
9,train\TIGER\tiger_106.jpg,Tiger
9,train\TIGER\tiger_107.jpg,Tiger
9,train\TIGER\tiger_108.jpg,Tiger
9,train\TIGER\tiger_109.jpg,Tiger
9,train\TIGER\tiger_11.jpg,Tiger
9,train\TIGER\tiger_110.jpg,Tiger
9,train\TIGER\tiger_111.jpg,Tiger
9,train\TIGER\tiger_112.jpg,Tiger
9,train\TIGER\tiger_113.jpg,Tiger
9,train\TIGER\tiger_114.jpg,Tiger
9,train\TIGER\tiger_115.jpg,Tiger
9,train\TIGER\tiger_116.jpg,Tiger
9,train\TIGER\tiger_117.jpg,Tiger
9,train\TIGER\tiger_118.jpg,Tiger
9,train\TIGER\tiger_119.jpg,Tiger
9,train\TIGER\tiger_12.jpg,Tiger
9,train\TIGER\tiger_120.jpg,Tiger
9,train\TIGER\tiger_121.jpg,Tiger
9,train\TIGER\tiger_122.jpg,Tiger
9,train\TIGER\tiger_123.jpg,Tiger
9,train\TIGER\tiger_124.jpg,Tiger
9,train\TIGER\tiger_125.jpg,Tiger
9,train\TIGER\tiger_126.jpg,Tiger
9,train\TIGER\tiger_127.jpg,Tiger
9,train\TIGER\tiger_128.jpg,Tiger
9,train\TIGER\tiger_129.jpg,Tiger
9,train\TIGER\tiger_13.jpg,Tiger
9,train\TIGER\tiger_130.jpg,Tiger
9,train\TIGER\tiger_131.jpg,Tiger
9,train\TIGER\tiger_132.jpg,Tiger
9,train\TIGER\tiger_133.jpg,Tiger
9,train\TIGER\tiger_134.jpg,Tiger
9,train\TIGER\tiger_135.jpg,Tiger
9,train\TIGER\tiger_136.jpg,Tiger
9,train\TIGER\tiger_137.jpg,Tiger
9,train\TIGER\tiger_138.jpg,Tiger
9,train\TIGER\tiger_139.jpg,Tiger
9,train\TIGER\tiger_14.jpg,Tiger
9,train\TIGER\tiger_140.jpg,Tiger
9,train\TIGER\tiger_141.jpg,Tiger
9,train\TIGER\tiger_142.jpg,Tiger
9,train\TIGER\tiger_143.jpg,Tiger
9,train\TIGER\tiger_144.jpg,Tiger
9,train\TIGER\tiger_145.jpg,Tiger
9,train\TIGER\tiger_146.jpg,Tiger
9,train\TIGER\tiger_147.jpg,Tiger
9,train\TIGER\tiger_148.jpg,Tiger
9,train\TIGER\tiger_149.jpg,Tiger
9,train\TIGER\tiger_15.jpg,Tiger
9,train\TIGER\tiger_150.jpg,Tiger
9,train\TIGER\tiger_151.jpg,Tiger
9,train\TIGER\tiger_152.jpg,Tiger
9,train\TIGER\tiger_153.jpg,Tiger
9,train\TIGER\tiger_154.jpg,Tiger
9,train\TIGER\tiger_155.jpg,Tiger
9,train\TIGER\tiger_156.jpg,Tiger
9,train\TIGER\tiger_157.jpg,Tiger
9,train\TIGER\tiger_158.jpg,Tiger
9,train\TIGER\tiger_159.jpg,Tiger
9,train\TIGER\tiger_16.jpg,Tiger
9,train\TIGER\tiger_160.jpg,Tiger
9,train\TIGER\tiger_161.jpg,Tiger
9,train\TIGER\tiger_162.jpg,Tiger
9,train\TIGER\tiger_163.jpg,Tiger
9,train\TIGER\tiger_164.jpg,Tiger
9,train\TIGER\tiger_165.jpg,Tiger
9,train\TIGER\tiger_17.jpg,Tiger
9,train\TIGER\tiger_18.jpg,Tiger
9,train\TIGER\tiger_19.jpg,Tiger
9,train\TIGER\tiger_2.jpg,Tiger
9,train\TIGER\tiger_20.jpg,Tiger
9,train\TIGER\tiger_21.jpg,Tiger
9,train\TIGER\tiger_22.jpg,Tiger
9,train\TIGER\tiger_23.jpg,Tiger
9,train\TIGER\tiger_24.jpg,Tiger
9,train\TIGER\tiger_25.jpg,Tiger
9,train\TIGER\tiger_26.jpg,Tiger
9,train\TIGER\tiger_27.jpg,Tiger
9,train\TIGER\tiger_28.jpg,Tiger
9,train\TIGER\tiger_29.jpg,Tiger
9,train\TIGER\tiger_3.jpg,Tiger
9,train\TIGER\tiger_30.jpg,Tiger
9,train\TIGER\tiger_31.jpg,Tiger
9,train\TIGER\tiger_32.jpg,Tiger
9,train\TIGER\tiger_33.jpg,Tiger
9,train\TIGER\tiger_34.jpg,Tiger
9,train\TIGER\tiger_35.jpg,Tiger
9,train\TIGER\tiger_36.jpg,Tiger
9,train\TIGER\tiger_37.jpg,Tiger
9,train\TIGER\tiger_38.jpg,Tiger
9,train\TIGER\tiger_39.jpg,Tiger
9,train\TIGER\tiger_4.jpg,Tiger
9,train\TIGER\tiger_40.jpg,Tiger
9,train\TIGER\tiger_41.jpg,Tiger
9,train\TIGER\tiger_42.jpg,Tiger
9,train\TIGER\tiger_43.jpg,Tiger
9,train\TIGER\tiger_44.jpg,Tiger
9,train\TIGER\tiger_45.jpg,Tiger
9,train\TIGER\tiger_46.jpg,Tiger
9,train\TIGER\tiger_47.jpg,Tiger
9,train\TIGER\tiger_48.jpg,Tiger
9,train\TIGER\tiger_49.jpg,Tiger
9,train\TIGER\tiger_5.jpg,Tiger
9,train\TIGER\tiger_50.jpg,Tiger
9,train\TIGER\tiger_51.jpg,Tiger
9,train\TIGER\tiger_52.jpg,Tiger
9,train\TIGER\tiger_53.jpg,Tiger
9,train\TIGER\tiger_54.jpg,Tiger
9,train\TIGER\tiger_55.jpg,Tiger
9,train\TIGER\tiger_56.jpg,Tiger
9,train\TIGER\tiger_57.jpg,Tiger
9,train\TIGER\tiger_58.jpg,Tiger
9,train\TIGER\tiger_59.jpg,Tiger
9,train\TIGER\tiger_6.jpg,Tiger
9,train\TIGER\tiger_60.jpg,Tiger
9,train\TIGER\tiger_61.jpg,Tiger
9,train\TIGER\tiger_62.jpg,Tiger
9,train\TIGER\tiger_63.jpg,Tiger
9,train\TIGER\tiger_64.jpg,Tiger
9,train\TIGER\tiger_65.jpg,Tiger
9,train\TIGER\tiger_66.jpg,Tiger
9,train\TIGER\tiger_67.jpg,Tiger
9,train\TIGER\tiger_68.jpg,Tiger
9,train\TIGER\tiger_69.jpg,Tiger
9,train\TIGER\tiger_7.jpg,Tiger
9,train\TIGER\tiger_70.jpg,Tiger
9,train\TIGER\tiger_71.jpg,Tiger
9,train\TIGER\tiger_72.jpg,Tiger
9,train\TIGER\tiger_73.jpg,Tiger
9,train\TIGER\tiger_74.jpg,Tiger
9,train\TIGER\tiger_75.jpg,Tiger
9,train\TIGER\tiger_76.jpg,Tiger
9,train\TIGER\tiger_77.jpg,Tiger
9,train\TIGER\tiger_78.jpg,Tiger
9,train\TIGER\tiger_79.jpg,Tiger
9,train\TIGER\tiger_8.jpg,Tiger
9,train\TIGER\tiger_80.jpg,Tiger
9,train\TIGER\tiger_81.jpg,Tiger
9,train\TIGER\tiger_82.jpg,Tiger
9,train\TIGER\tiger_83.jpg,Tiger
9,train\TIGER\tiger_84.jpg,Tiger
9,train\TIGER\tiger_85.jpg,Tiger
9,train\TIGER\tiger_86.jpg,Tiger
9,train\TIGER\tiger_87.jpg,Tiger
9,train\TIGER\tiger_88.jpg,Tiger
9,train\TIGER\tiger_89.jpg,Tiger
9,train\TIGER\tiger_9.jpg,Tiger
9,train\TIGER\tiger_90.jpg,Tiger
9,train\TIGER\tiger_91.jpg,Tiger
9,train\TIGER\tiger_92.jpg,Tiger
9,train\TIGER\tiger_93.jpg,Tiger
9,train\TIGER\tiger_94.jpg,Tiger
9,train\TIGER\tiger_95.jpg,Tiger
9,train\TIGER\tiger_96.jpg,Tiger
9,train\TIGER\tiger_97.jpg,Tiger
9,train\TIGER\tiger_98.jpg,Tiger
9,train\TIGER\tiger_99.jpg,Tiger
